"25008","Jill Clayburgh"
"25009","Alan Bates"
"25010","Michael Murphy"
"25011","Cliff Gorman"
"25012","Patricia Quinn"
"25013","Kelly Bishop"
"25014","Lisa Lucas"
"25015","Linda Miller"
"25016","Andrew Duncan"
"25017","Daniel Seltzer"
"25018","Matthew Arkin"
"25019","Penelope Russianoff"
"25020","Novella Nelson"
"25021","Raymond J. Barry"
"25022","Ivan Karp"
"25023","Jill Eikenberry"
"25024","Michael Tucker"
"25025","Chico Martinez"
"25026","Clint Chin"
"25027","Ken Chapin"
"25028","Tom Elios"
"25029","Karen Ford"
"25030","Alice J. Kane"
"25031","Paul Mazursky"
"25032","Pamela Meunier"
"25033","Donna Perich"
"25034","Vincent Schiavelli"
"25035","John Stravinsky"
"25036","Ultra Violet"
"25037","David Rasche"
"25038","Alison Tucker"
"25039","Mary Beth McDonough"
"25040","David Wallace"
"25041","Bill Paxton"
"25042","Lynda Day George"
"25043","Christopher George"
"25044","Curt Ayers"
"25045","Bill Conklin"
"25046","Donna Garrett"
"25047","Greg Kaye"
"25048","Denis Mandel"
"25049","Violet Manes"
"25050","Alvy Moore"
"25051","Danny Rogers"
"25052","Beth Scheffell"
"25053","Marlene Schmidt"
"25054","Marilyn Corwin"
"25055","Lisa Durazo"
"25056","Anita Morales"
"25057","Denise Polk"
"25058","Kimberly Polk"
"25059","Pam Wren"
"25060","John Wayne"
"25061","Lauren Bacall"
"25062","Ron Howard"
"25063","James Stewart"
"25064","Richard Boone"
"25065","Hugh O'Brian"
"25066","Bill McKinney"
"25067","Harry Morgan"
"25068","John Carradine"
"25069","Sheree North"
"25070","Rick Lenz"
"25071","Scatman Crothers"
"25072","Gregg Palmer"
"25073","Alfred Dennis"
"25074","Dick Winslow"
"25075","Melody Thomas Scott"
"25076","Kathleen O'Malley"
"25077","Johnny Crawford"
"25078","Chuck Dawson"
"25079","Duke Fishman"
"25080","Christopher George"
"25081","Jonathan Goldsmith"
"25082","Leo Gordon"
"25083","Charles G. Martin"
"25084","Ricky Nelson"
"25085","James Nolan"
"25086","Henry Slate"
"25087","Bob Steele"
"25088","Ralph Volkie"
"25089","Robert Redford"
"25090","Jane Fonda"
"25091","Valerie Perrine"
"25092","Willie Nelson"
"25093","John Saxon"
"25094","Nicolas Coster"
"25095","Allan Arbus"
"25096","Wilford Brimley"
"25097","Will Hare"
"25098","Basil Hoffman"
"25099","Timothy Scott"
"25100","James Sikking"
"25101","James Kline"
"25102","Frank Speiser"
"25103","Quinn K. Redeker"
"25104","Lois Hamilton"
"25105","Sarah Harris"
"25106","Tasha Zemrus"
"25107","James Novak"
"25108","Debra L. Maxwell"
"25109","Michele Heyeden"
"25110","Robin Timm"
"25111","Patricia Blair"
"25112","Gary M. Fox"
"25113","Richard Perlmutter"
"25114","Carol Eileen Montgomery"
"25115","Theresa Ann Dent"
"25116","Perry Sheehan Adair"
"25117","Sarge Allen"
"25118","Sylvie Strause"
"25119","Richard Knoll"
"25120","Angelo Giouzelis"
"25121","Mark Jamison"
"25122","Brendan Kelly"
"25123","Sheila B. Wakely"
"25124","X.V. Kelly"
"25125","Gary Shermaine"
"25126","Gary Liddiard"
"25127","Jerry Kurland"
"25128","J. Carlton Adair"
"25129","Charles J. Monahan"
"25130","George W. Etter"
"25131","Raymond G. Maupin"
"25132","Bob C. Barrett"
"25133","Red McIlvaine"
"25134","Frank Nicholas"
"25135","Johnny Magnus"
"25136","Vic Vallaro"
"25137","Bob Bailey"
"25138","Roger Lowe"
"25139","Rita Picking"
"25140","Sydney Pollack"
"25141","Gene Hackman"
"25142","Al Pacino"
"25143","Dorothy Tristan"
"25144","Ann Wedgeworth"
"25145","Richard Lynch"
"25146","Eileen Brennan"
"25147","Penelope Allen"
"25148","Richard Hackman"
"25149","Al Cingolani"
"25150","Rutanya Alda"
"25151","Mary Ann Brownlee"
"25152","Nicholas Carbone"
"25153","Frank Chartier"
"25154","James G. Cureman"
"25155","Armen Darakdjian"
"25156","June Denning"
"25157","June Dixon"
"25158","Richard Jamison"
"25159","Karen Lamm"
"25160","Louise Martin"
"25161","Charles Noel"
"25162","Albert Schmidt"
"25163","Patricia A. Wasson"
"25164","Audrianne Waters"
"25165","John G. Wedum"
"25166","William Daniels"
"25167","Howard Da Silva"
"25168","Ken Howard"
"25169","Donald Madden"
"25170","John Cullum"
"25171","Roy Poole"
"25172","David Ford"
"25173","Ron Holgate"
"25174","Ray Middleton"
"25175","William Hansen"
"25176","Blythe Danner"
"25177","Virginia Vestoff"
"25178","Emory Bass"
"25179","Ralston Hill"
"25180","Howard Caine"
"25181","Patrick Hines"
"25182","William Duell"
"25183","Daniel Keyes"
"25184","Leo Leyden"
"25185","Stephen Nathan"
"25186","Jonathan Moore"
"25187","James Noble"
"25188","John Myhers"
"25189","Rex Robbins"
"25190","Charles Rule"
"25191","Andy Albin"
"25192","William Bassett"
"25193","Nicolas Coster"
"25194","Jack De Mave"
"25195","Gordon De Vol"
"25196","Frederic Downs"
"25197","Peter Forster"
"25198","John Holland"
"25199","Heber Jentzsch"
"25200","Richard McMurray"
"25201","Mark Montgomery"
"25202","Barry O'Hara"
"25203","Dick O'Shea"
"25204","Jordan Rhodes"
"25205","Fred Slyter"
"25206","Warren Beatty"
"25207","Goldie Hawn"
"25208","Gert Frobe"
"25209","Robert Webber"
"25210","Scott Brady"
"25211","Arthur Brauss"
"25212","Robert Stiles"
"25213","Wolfgang Kieling"
"25214","Bob Herron"
"25215","Christiane Maybach"
"25216","Hans Hutter"
"25217","Monica Stender"
"25218","Horst Hesslein"
"25219","Wolfgang Kuhlman"
"25220","Klaus Schichan"
"25221","Tove Platon"
"25222","Kirsten Lahman"
"25223","Francoise Blanc"
"25224","Darrell Armstrong"
"25225","Walt Trott"
"25226","Walter Matthau"
"25227","Ingrid Bergman"
"25228","Goldie Hawn"
"25229","Jack Weston"
"25230","Rick Lenz"
"25231","Vito Scotti"
"25232","Irene Hervey"
"25233","Eve Bruce"
"25234","Irwin Charone"
"25235","Matthew Saks"
"25236","Linda Burton"
"25237","Hy Chase"
"25238","Don Furneaux"
"25239","Tani Guthrie"
"25240","Lee Harris"
"25241","Merriana Henriq"
"25242","Peter Morrison Jacobs"
"25243","Rick Lamson"
"25244","Mary Jane Mangler"
"25245","Barbara Randolph"
"25246","Ralph Roberts"
"25247","Lucy Saroyan"
"25248","Bob Stiles"
"25249","Sylvia Stone"
"25250","George Winters"
"25251","Gregory Peck"
"25252","Tuesday Weld"
"25253","Estelle Parsons"
"25254","Ralph Meeker"
"25255","Lonny Chapman"
"25256","Charles Durning"
"25257","Jeff Dalton"
"25258","Freddie McCloud"
"25259","Jane Rose"
"25260","J.C. Evans"
"25261","Margaret A. Morris"
"25262","Bill Littleton"
"25263","Leo Yates"
"25264","Nora Denney"
"25265","Robin Williams"
"25266","Kurt Russell"
"25267","Pamela Reed"
"25268","Holly Palance"
"25269","Donald Moffat"
"25270","Margaret Whitton"
"25271","M. Emmet Walsh"
"25272","Donovan Scott"
"25273","R.G. Armstrong"
"25274","Dub Taylor"
"25275","Carl Ballantine"
"25276","Kathleen Freeman"
"25277","Tony Plana"
"25278","Kirk Cameron"
"25279","Robyn Lively"
"25280","Eloy Casados"
"25281","Jeff Doucette"
"25282","Anne Haney"
"25283","Bill Overton"
"25284","Peter Van Norden"
"25285","Patrick Brennan"
"25286","Jeff Severson"
"25287","Hap Lawrence"
"25288","Nicholas Shields"
"25289","Hugo Stanger"
"25290","Wayne Montanio"
"25291","'Iron Jaws' Wilson"
"25292","Brenda Huggins"
"25293","Michael Lopez"
"25294","William G. Schilling"
"25295","Hugh Gillin"
"25296","Jake Dengel"
"25297","Linda Hart"
"25298","Hilary Anderson"
"25299","Marie Cain"
"25300","Peggy Moyer"
"25301","Norm Schachter"
"25302","Christopher Mankiewicz"
"25303","J.P. Bumstead"
"25304","Robert Dickman"
"25305","Jim Giovanni"
"25306","Steve Shargo"
"25307","Darryl B. Smith"
"25308","Wayne Adderson"
"25309","Raymond W. Clanton"
"25310","Fred A. Nelson"
"25311","Vister Hayes"
"25312","Michelle Guastello"
"25313","Cathy Cheryl Davis"
"25314","Susan Signorelli"
"25315","Philipe Gerard"
"25316","Christopher Cory"
"25317","Jonathan Ames"
"25318","Tracey Gold"
"25319","Bruce Goldstein"
"25320","Paul Newman"
"25321","Sally Field"
"25322","Bob Balaban"
"25323","Melinda Dillon"
"25324","Luther Adler"
"25325","Barry Primus"
"25326","Josef Sommer"
"25327","John Harkins"
"25328","Don Hood"
"25329","Wilford Brimley"
"25330","Arnie Ross"
"25331","Phanie Napoli"
"25332","Shelley Spurlock"
"25333","Shawn McAllister"
"25334","Joe Petrullo"
"25335","William Kerwin"
"25336","Oswaldo Calvo"
"25337","Clardy Malugen"
"25338","Sharon Anderson"
"25339","Jody Wilson"
"25340","Ilse Earl"
"25341","Alfredo Alvarez Calderon"
"25342","Pat Sullivan"
"25343","Bill Hindman"
"25344","John Archie"
"25345","Timothy Hawkins"
"25346","Ricardo Marquez"
"25347","Patricia Matzdorff"
"25348","Diane Zolten"
"25349","Kathy Suergiu"
"25350","Jeff Gillen"
"25351","Ted Bartsch"
"25352","Sugar Ray Mann"
"25353","Richard O'Barry"
"25354","Chuck Lupo"
"25355","John DiSanti"
"25356","Laurie V. Logan"
"25357","Jack McDermott"
"25358","Mark Harris"
"25359","Barbara Keegan"
"25360","Lynn Parraga"
"25361","Lee Sandman"
"25362","Barry Hober"
"25363","Gary Van Auken"
"25364","Ryan O'Neal"
"25365","Burt Reynolds"
"25366","Tatum O'Neal"
"25367","Brian Keith"
"25368","Stella Stevens"
"25369","John Ritter"
"25370","Jane Hitchcock"
"25371","Jack Perkins"
"25372","Brion James"
"25373","Sidney Armus"
"25374","Joe Warfield"
"25375","Tamar Cooper"
"25376","Alan Gibbs"
"25377","Mathew Anden"
"25378","Lorenzo Music"
"25379","Arnold Soboloff"
"25380","Jeffrey Byron"
"25381","Priscilla Pointer"
"25382","Don Calfa"
"25383","Philip Bruns"
"25384","Edward Marshall"
"25385","John Blackwell"
"25386","E.J. Andre"
"25387","Christa Lang"
"25388","Maurice Manson"
"25389","Louis Guss"
"25390","Frank Marshall"
"25391","Andrew Winner"
"25392","Mathilda Calnan"
"25393","Gustaf Unger"
"25394","Bertil Unger"
"25395","James O'Connell"
"25396","Ric Mancini"
"25397","Mark Dennis"
"25398","E. Hampton Beagle"
"25399","Hedgemon Lewis"
"25400","Bill Riddle"
"25401","Dino Judd"
"25402","Harry Carey Jr."
"25403","James Best"
"25404","Jack Verbois"
"25405","John Chappell"
"25406","George Gaynes"
"25407","Carleton Rippel"
"25408","Rita Abrams"
"25409","Sara Jane Gould"
"25410","Mary Beth Bell"
"25411","M. Emmet Walsh"
"25412","Miriam Byrd-Nethery"
"25413","Rusty Blitz"
"25414","Les Josephson"
"25415","Tom Erhart"
"25416","Griffin O'Neal"
"25417","Patricia O'Neal"
"25418","Morgan Farley"
"25419","Anna Thea Bogdanovich"
"25420","Elaine Partnow"
"25421","Joseph G. Medalis"
"25422","Billy Beck"
"25423","Roger Hampton"
"25424","Gordon Hurst"
"25425","Charles Thomas Murphy"
"25426","Hamilton Camp"
"25427","Ted Gehring"
"25428","Stanley Brock"
"25429","Vincent Milana"
"25430","Lee Gordon Moore"
"25431","John Finnegan"
"25432","Christian Grey"
"25433","Robert Ball"
"25434","Chief Tug Smith"
"25435","Rude Frimel"
"25436","Jon Cutler"
"25437","John Otrin"
"25438","Carl D. Parker"
"25439","Gus Peters"
"25440","Allen Williams"
"25441","Anouk Aimee"
"25442","Gary Lockwood"
"25443","Alexandra Hay"
"25444","Carol Cole"
"25445","Tom Holland"
"25446","Severn Darden"
"25447","Neil Elliot"
"25448","Jacqueline Mille"
"25449","Duke Hobbie"
"25450","Anne Randall"
"25451","Craig Littler"
"25452","Hilary Thompson"
"25453","Jon Lawson"
"25454","Jeanne Sorel"
"25455","Jon Hill"
"25456","Jay Ferguson"
"25457","David Mink"
"25458","Ken Prymus"
"25459","Mildred Shay"
"25460","Fred Willard"
"25461","Michael Caine"
"25462","Katharine Ross"
"25463","Richard Widmark"
"25464","Richard Chamberlain"
"25465","Olivia de Havilland"
"25466","Ben Johnson"
"25467","Lee Grant"
"25468","Jose Ferrer"
"25469","Patty Duke"
"25470","Slim Pickens"
"25471","Bradford Dillman"
"25472","Fred MacMurray"
"25473","Henry Fonda"
"25474","Cameron Mitchell"
"25475","Christian Juttner"
"25476","Morgan Paull"
"25477","Alejandro Rey"
"25478","Don 'Red' Barry"
"25479","Elizabeth Rogers"
"25480","Doria Cook-Nelson"
"25481","Robert Varney"
"25482","Ernie F. Orsatti"
"25483","Patrick Culliton"
"25484","John Furlong"
"25485","Chris Petersen"
"25486","Jerry Toomey"
"25487","Barbara Costello"
"25488","Jenifer Taurins"
"25489","David Himes"
"25490","Mara Cook"
"25491","Joey Eisnach"
"25492","Stephen Powers"
"25493","Chris Capen"
"25494","Tony Haig"
"25495","Bill Snider"
"25496","George F. Simmons"
"25497","Arell Blanton"
"25498","Trent Dolan"
"25499","John Williams"
"25500","Steven Marlo"
"25501","Phil Montgomery"
"25502","Jim Galante"
"25503","Frank Blair"
"25504","Marcia Nicholson"
"25505","Arthur Space"
"25506","Chuck Hayward"
"25507","Glenn Charles Lewis"
"25508","Art Balinger"
"25509","Michael Sheehan"
"25510","Howard Culver"
"25511","Marneen Fields"
"25512","Larry Moran"
"25513","John Otrin"
"25514","Burt Reynolds"
"25515","Dyan Cannon"
"25516","John P. Ryan"
"25517","Joe Santos"
"25518","Giorgio Tozzi"
"25519","Ron Weyand"
"25520","Larry Block"
"25521","Beeson Carroll"
"25522","Kevin Conway"
"25523","Kay Frye"
"25524","John Glover"
"25525","Merwin Goldsmith"
"25526","Melody Santangello"
"25527","Irving Selbst"
"25528","Alex Wilson"
"25529","John Amato Jr."
"25530","Lou Martell"
"25531","Marshall Anker"
"25532","Bert Bertram"
"25533","Jimmy Kelly"
"25534","Alisha Fontaine"
"25535","Mickey Freeman"
"25536","Captain Haggerty"
"25537","Tommy Lane"
"25538","Ric Mancini"
"25539","Norman Marshall"
"25540","Glenn R. Wilder"
"25541","Charlie Picerni"
"25542","Tony Amato Sr."
"25543","Frank Sivero"
"25544","Alex Stevens"
"25545","Steve Vignari"
"25546","Mark Weston"
"25547","Fat Thomas"
"25548","Morris the Cat"
"25549","Robert Dominick Jones"
"25550","James Mapes"
"25551","Burt Richards"
"25552","Sidney Poitier"
"25553","Will Geer"
"25554","Bradford Dillman"
"25555","Beverly Todd"
"25556","Ramon Bieri"
"25557","Warren J. Kemmerling"
"25558","Lincoln Kilpatrick"
"25559","P. Jay Sidney"
"25560","Richard Ward"
"25561","Paul Winfield"
"25562","Zara Cully"
"25563","Michael Bell"
"25564","Howard Rice"
"25565","Darlene Rice"
"25566","Harry Davis"
"25567","Lynn Hamilton"
"25568","Gene Tyburn"
"25569","E.A. Nicholson"
"25570","Billy Crane"
"25571","Richard Bay"
"25572","John Hancock"
"25573","Lynn Arden"
"25574","William Houze"
"25575","Maye Henderson"
"25576","Lois Smith"
"25577","Jane Fonda"
"25578","Jack Lemmon"
"25579","Michael Douglas"
"25580","Scott Brady"
"25581","James Hampton"
"25582","Peter Donat"
"25583","Wilford Brimley"
"25584","Richard Herd"
"25585","Daniel Valdez"
"25586","Stan Bohrman"
"25587","James Karen"
"25588","Michael Alaimo"
"25589","Donald Hotton"
"25590","Khalilah Ali"
"25591","Paul Larson"
"25592","Ron Lombard"
"25593","Tom Eure"
"25594","Nick Pellegrino"
"25595","Daniel Lewk"
"25596","Allan Chinn"
"25597","Martin Fiscoe"
"25598","Alan Kaul"
"25599","Michael Mann"
"25600","David Eisenbise"
"25601","Frank Cavestani"
"25602","Reuben Collins"
"25603","E. Hampton Beagle"
"25604","David Pfeiffer"
"25605","Lewis Arquette"
"25606","Dennis McMullen"
"25607","Rita Taggart"
"25608","James Hall"
"25609","Carol Schlanger"
"25610","Trudy Lane"
"25611","Jack Smith Jr."
"25612","David Arnsen"
"25613","Betty Harford"
"25614","Donald Bishop"
"25615","Al Baietti"
"25616","Diandra Morrell"
"25617","Darrell Larson"
"25618","Roger Pancake"
"25619","Joe Lowry"
"25620","Harry M. Williams"
"25621","Dennis Barker"
"25622","Joseph Garcia"
"25623","James Kline"
"25624","Alan Beckwith"
"25625","Clay Hodges"
"25626","Val Clenard"
"25627","Peter Paul Eastman"
"25628","Michael Jeffers"
"25629","Clyde McLeod"
"25630","Robert S. Woods"
"25631","George Peppard"
"25632","Jean Seberg"
"25633","Richard Kiley"
"25634","Charles McGraw"
"25635","Madeleine Sherwood"
"25636","Robert F. Lyons"
"25637","Frank Marth"
"25638","Marj Dusay"
"25639","Paul McGrath"
"25640","Stewart Moss"
"25641","Isabel Sanford"
"25642","Dana Elcar"
"25643","Harry Lewis"
"25644","Mildred Trares"
"25645","Robin Raymond"
"25646","Phyllis Hill"
"25647","S. John Launer"
"25648","Jock MacKelvie"
"25649","Richard Guizon"
"25650","Jack Grimes"
"25651","Logan Ramsey"
"25652","Douglas Henderson"
"25653","Gene Boland"
"25654","Vince Flaherty"
"25655","Robert Shaw"
"25656","Sally Kellerman"
"25657","Mary Ure"
"25658","Sondra Locke"
"25659","Signe Hasso"
"25660","Mitchell Ryan"
"25661","Gordon De Vol"
"25662","Gordon Anderson"
"25663","Victoria Risk"
"25664","Leonard Crofoot"
"25665","Michael St. Clair"
"25666","Liam Dunn"
"25667","Michelle Marvin"
"25668","Michele Montau"
"25669","Dustin Hoffman"
"25670","Jessica Lange"
"25671","Teri Garr"
"25672","Dabney Coleman"
"25673","Charles Durning"
"25674","Bill Murray"
"25675","Sydney Pollack"
"25676","George Gaynes"
"25677","Geena Davis"
"25678","Doris Belack"
"25679","Ellen Foley"
"25680","Peter Gatto"
"25681","Lynne Thigpen"
"25682","Ronald L. Schwary"
"25683","Debra Mooney"
"25684","Amy Lawrence"
"25685","Kenny Sinclair"
"25686","Susan Merson"
"25687","Michael Ryan"
"25688","Robert D. Wilson"
"25689","James Carruthers"
"25690","Estelle Getty"
"25691","Christine Ebersole"
"25692","Bernie Pollack"
"25693","Sam Stoneburner"
"25694","Marjorie Lovett"
"25695","Willy Switkes"
"25696","Gregory Camillucci"
"25697","Barbara Spiegel"
"25698","Tony Craig"
"25699","Walter Cline"
"25700","Suzanne von Schaack"
"25701","Anne Shropshire"
"25702","Pamela Lincoln"
"25703","Mary Donnet"
"25704","Bernie Passeltiner"
"25705","Mallory Jones"
"25706","Patti Cohane"
"25707","Murray Schisgal"
"25708","Greg Gorman"
"25709","Anne Prager"
"25710","John Carpenter"
"25711","Bob Levine"
"25712","Richard Whiting"
"25713","Jim Jansen"
"25714","Susan Egbert"
"25715","Kas Self"
"25716","Tom Mardirosian"
"25717","Richard Wirth"
"25718","Gavin Reed"
"25719","Annie Korzen"
"25720","Ibbits Warriner"
"25721","Lois De Banzie"
"25722","Stephen Prutting"
"25723","Carole Holland"
"25724","Tobin Bell"
"25725","Phillip Borsos"
"25726","Cassandra Danz"
"25727","Jim Dratfield"
"25728","Paul E. Guskin"
"25729","John Kapelos"
"25730","Gene Shalit"
"25731","Andy Warhol"
"25732","Joyce Worsley"
"25733","Michael Sarrazin"
"25734","Norman Burton"
"25735","Gary Busey"
"25736","John Durren"
"25737","Susan Flannery"
"25738","Harvey Jason"
"25739","Steven Keats"
"25740","Tim McIntire"
"25741","Joanne Nail"
"25742","J. Pat O'Malley"
"25743","Tricia O'Neil"
"25744","Lazaro Perez"
"25745","Nicholas Pryor"
"25746","Vaughn Taylor"
"25747","Wally Taylor"
"25748","Colleen Camp"
"25749","Rod Colbin"
"25750","J.J. Fowler"
"25751","David Hinton"
"25752","Ken Scott"
"25753","Joe Tornatore"
"25754","Med Flory"
"25755","Raul Julia"
"25756","Edward Ansara"
"25757","Jay K. Atwater"
"25758","Stephen Blood"
"25759","Chuck Courtney"
"25760","Ed Danus"
"25761","Lou David"
"25762","Wes Dawn"
"25763","Lauren Simon"
"25764","Eddy Donno"
"25765","Ann Doran"
"25766","Elizabeth Fleming"
"25767","John Furlong"
"25768","Perry Gewirtz"
"25769","Charles J. Hajak"
"25770","Carlton N. Hill"
"25771","Whitey Hughes"
"25772","Gray Johnson"
"25773","Richard Karie"
"25774","John Lawlor"
"25775","Gary Littlejohn"
"25776","John Morton"
"25777","Jack Oliver"
"25778","William E. Pierce"
"25779","Allan Schmidt"
"25780","Dennis J. Setlock"
"25781","Alfred Shelly"
"25782","Don Sides"
"25783","Larry Silvestri"
"25784","Walter R. Smith"
"25785","Linda Vaughn"
"25786","Joel Wolfe"
"25787","James Ray Wyatt"
"25788","Marshall Jay Kaplan"
"25789","Casey Kasem"
"25790","D'Janine King-Lasky"
"25791","Steve Moriarty"
"25792","Robert Mitchum"
"25793","Ken Takakura"
"25794","Brian Keith"
"25795","Herb Edelman"
"25796","Richard Jordan"
"25797","Keiko Kishi"
"25798","Eiji Okada"
"25799","James Shigeta"
"25800","Kyosuke Machida"
"25801","Christina Kokubo"
"25802","Eiji Go"
"25803","Lee Chirillo"
"25804","M. Hisaka"
"25805","William Ross"
"25806","Akiyama"
"25807","Harada"
"25808","Valerie Landsburg"
"25809","Terri Nunn"
"25810","Chick Vennera"
"25811","Donna Summer"
"25812","Ray Vitte"
"25813","Mark Lonow"
"25814","Andrea Howard"
"25815","Jeff Goldblum"
"25816","Robin Menken"
"25817","Debra Winger"
"25818","John Friedrich"
"25819","Paul Jabara"
"25820","Mews Small"
"25821","Chuck Sacci"
"25822","Hilary Beane"
"25823","Otis Day"
"25824","The Commodores"
"25825","Phil Adams"
"25826","Judith Brown"
"25827","Marianne Bunch"
"25828","Tony Cacciotti"
"25829","Jacqueline Carlin"
"25830","Linda Cremeans"
"25831","Gregory V. Karliss"
"25832","Wade Collings"
"25833","Cosie Costa"
"25834","Christine De Lisle"
"25835","MacIntyre Dixon"
"25836","Michael Durrell"
"25837","Al Fann"
"25838","Harry Gold"
"25839","Heidi Gold"
"25840","Nanci L. Hammond"
"25841","Luce Rains"
"25842","Howard Itzkowitz"
"25843","Osko Karaghossian"
"25844","Solomon Karriem"
"25845","Sheila MacKenzie"
"25846","J.W. Bear Martin"
"25847","Shelly Parsons"
"25848","Sherry Peterson"
"25849","Nicholas Shields"
"25850","Vaya Warren"
"25851","Richard Weinberg"
"25852","Sandra Will"
"25853","Jonathan Wynne"
"25854","Evel Knievel"
"25855","Gene Kelly"
"25856","Lauren Hutton"
"25857","Red Buttons"
"25858","Leslie Nielsen"
"25859","Cameron Mitchell"
"25860","Frank Gifford"
"25861","Eric Olson"
"25862","Sheila Allen"
"25863","Albert Salmi"
"25864","Dabney Coleman"
"25865","Ernie F. Orsatti"
"25866","Sidney Clute"
"25867","Robert Tafur"
"25868","Marjoe Gortner"
"25869","Brent Dunsford"
"25870","Johnny Timko"
"25871","Linda Blair"
"25872","Richard Burton"
"25873","Louise Fletcher"
"25874","Max von Sydow"
"25875","Kitty Winn"
"25876","Paul Henreid"
"25877","James Earl Jones"
"25878","Ned Beatty"
"25879","Belinda Beatty"
"25880","Rose Portillo"
"25881","Barbara Cason"
"25882","Tiffany Kinney"
"25883","Joey Green"
"25884","Fiseha Dimetros"
"25885","Ken Renard"
"25886","Hank Garrett"
"25887","Lorry Goldman"
"25888","Bill Grant"
"25889","Shane Butterworth"
"25890","Joely Adams"
"25891","Robert Lussier"
"25892","Charles Parks"
"25893","Richard Paul"
"25894","George Skaff"
"25895","Kelley Karel"
"25896","Karen Knapp"
"25897","Dana Plato"
"25898","Roger Davis"
"25899","Tricia Sembera"
"25900","Dub Taylor"
"25901","Richard Kiel"
"25902","Joan Shawlee"
"25903","Philip Bruns"
"25904","Tracy Sebastian"
"25905","Gerry Lock"
"25906","Newell Alexander"
"25907","Owen Bush"
"25908","Brent Holden"
"25909","George 'Buck' Flower"
"25910","Link Wyler"
"25911","Ben Sebastian"
"25912","Charles A. Tamburro"
"25913","Walley Pauley"
"25914","Daniel Morrow"
"25915","Henry Bauer"
"25916","Gene Wilder"
"25917","Harrison Ford"
"25918","Ramon Bieri"
"25919","Val Bisoglio"
"25920","George DiCenzo"
"25921","Leo Fuchs"
"25922","Penny Peyser"
"25923","William Smith"
"25924","Jack Somack"
"25925","Beege Barkette"
"25926","Shay Duffin"
"25927","Walter Janovitz"
"25928","Joe Kapp"
"25929","Clyde Kusatsu"
"25930","Clifford A. Pellow"
"25931","Allan Rich"
"25932","Henry Rowland"
"25933","Vincent Schiavelli"
"25934","John Steadman"
"25935","Ian Wolfe"
"25936","Steffen Zacharias"
"25937","Eda Reiss Merin"
"25938","Kenny Selko"
"25939","Warren Selko"
"25940","John Bleifer"
"25941","Ben Kahlon"
"25942","Michael Elias"
"25943","Rolfe Sedan"
"25944","Rusty Blitz"
"25945","Sam Nudell"
"25946","Gabriel Curtiz"
"25947","Larry Gelman"
"25948","Zachary Berger"
"25949","Martin Garner"
"25950","Herbert Mitchel"
"25951","David Bradley"
"25952","Richard Dunham"
"25953","Bret Briggs"
"25954","Brad Briggs"
"25955","Chip Frye"
"25956","June Constable"
"25957","Jacques Hampton"
"25958","Roy Kaye"
"25959","Catherine Chase"
"25960","Linda Stearns"
"25961","Heidi Stearns"
"25962","Howard Gudmundson"
"25963","Marty White"
"25964","George Barrows"
"25965","Gloria Hayes"
"25966","Alex Romero"
"25967","Robert Padilla"
"25968","Frank De Vol"
"25969","Alvin Greenman"
"25970","Joe Massengale"
"25971","Richard Kennedy"
"25972","Dick Dickinson"
"25973","Allan Keller"
"25974","Tom Lillard"
"25975","Karl Lukas"
"25976","Young Jue"
"25977","Christine Glazier"
"25978","Hank Robinson"
"25979","Dean Martin"
"25980","Elke Sommer"
"25981","Sharon Tate"
"25982","Nancy Kwan"
"25983","Nigel Green"
"25984","Tina Louise"
"25985","John Larch"
"25986","John Brascia"
"25987","Weaver Levy"
"25988","Wilhelm von Homburg"
"25989","Bill Saito"
"25990","Fuji"
"25991","Pepper Martin"
"25992","Ted Jordan"
"25993","Frank Biro"
"25994","Lynn Borden"
"25995","Hy Chase"
"25996","Whitney Chase"
"25997","Peter Chin"
"25998","David Chow"
"25999","Kenya Coburn"
"26000","Bill Couch"
"26001","James Daris"
"26002","Noel Drayton"
"26003","Sheila English"
"26004","Harry Fleer"
"26005","Tony Gardner"
"26006","Harry Geldard"
"26007","Tony Giorgio"
"26008","Joe Gray"
"26009","Rex Holman"
"26010","Brick Huston"
"26011","Josephine James"
"26012","Kenner G. Kemp"
"26013","Jon Kowal"
"26014","Joe Lewis"
"26015","James Lloyd"
"26016","Carey Loftin"
"26017","Fredricka Meyers"
"26018","Celeste Michaels"
"26019","Stephen Mitchell"
"26020","David Montresor"
"26021","Byron Morrow"
"26022","Chuck Norris"
"26023","Ed Parker"
"26024","Cara Peters"
"26025","J.B. Pick"
"26026","Allen Pinson"
"26027","Bartlett Robinson"
"26028","Bill M. Ryusaki"
"26029","Joe Sawyers"
"26030","Jeffrey Sayre"
"26031","Fred Stromsoe"
"26032","Frank Tallman"
"26033","Vincent Van Lynn"
"26034","Dick Winslow"
"26035","Charles Bronson"
"26036","Jill Ireland"
"26037","Douglas Fowley"
"26038","Stan Haze"
"26039","Damon Douglas"
"26040","Hector Morales"
"26041","Bert Williams"
"26042","Davis Roberts"
"26043","Betty Cole"
"26044","William Lanteau"
"26045","Larry French"
"26046","Michael LeClair"
"26047","Anne Ramsey"
"26048","Howard Brunner"
"26049","Don 'Red' Barry"
"26050","Alan Bergman"
"26051","Elmer Bernstein"
"26052","William Challee"
"26053","John Hazelwood"
"26054","John Holland"
"26055","Hoke Howell"
"26056","Byron Morrow"
"26057","Herman Rudin"
"26058","Lucille Ball"
"26059","Bea Arthur"
"26060","Robert Preston"
"26061","Bruce Davison"
"26062","Kirby Furlong"
"26063","Jane Connell"
"26064","Joyce Van Patten"
"26065","Doria Cook-Nelson"
"26066","Don Porter"
"26067","Audrey Christie"
"26068","John McGiver"
"26069","Bobbi Jordan"
"26070","Patrick Labyorteaux"
"26071","Lucille Benson"
"26072","Ruth McDevitt"
"26073","Burt Mustin"
"26074","James Brodhead"
"26075","Leonard Stone"
"26076","Roger Price"
"26077","John Wheeler"
"26078","Ned Wertimer"
"26079","Alice Nunn"
"26080","Jerry Ayres"
"26081","Michele Nichols"
"26082","Eric Gordon"
"26083","Barbara Bosson"
"26084","George Chiang"
"26085","Bobbie Bates"
"26086","Sandahl Bergman"
"26087","Richard Bolks"
"26088","Randy Doney"
"26089","Ken Grant"
"26090","Lars Hensen"
"26091","George Hickman"
"26092","Joseph La Cava"
"26093","Wanda Perry"
"26094","Leoda Richards"
"26095","Jessie Salve"
"26096","Jim Taylor"
"26097","Jerry Trent"
"26098","Marc Wilder"
"26099","Darcel Wynne"
"26100","Pat Boone"
"26101","Terry Moore"
"26102","Janet Gaynor"
"26103","Dean Jagger"
"26104","Dick Sargent"
"26105","James Drury"
"26106","Ronnie Burns"
"26107","Walter Abel"
"26108","Natalie Schafer"
"26109","Isabel Jewell"
"26110","Jack Costanzo"
"26111","Edit Angold"
"26112","Val Benedict"
"26113","Carole Ann Campbell"
"26114","Lavina Caparella"
"26115","Mack Chandler"
"26116","Edmund Cobb"
"26117","Russ Conway"
"26118","Hooper Dunbar"
"26119","Frank Dunning"
"26120","Frank Green"
"26121","Carl Kent Jr."
"26122","Sean Meany"
"26123","Tom Pittman"
"26124","Nancy Dian Ratts"
"26125","Jerry Sheldon"
"26126","Norman Sturgis"
"26127","Ernestine Wade"
"26128","Mary W. Wallace"
"26129","Barbra Streisand"
"26130","George Segal"
"26131","Robert Klein"
"26132","Allen Garfield"
"26133","Roz Kelly"
"26134","Jacques Sandulescu"
"26135","Jack Manning"
"26136","Grace Carney"
"26137","Barbara Anson"
"26138","Kim Chan"
"26139","Stan Gottlieb"
"26140","Joe Madden"
"26141","Fay Sappington"
"26142","Marilyn Chambers"
"26143","Ken Adam"
"26144","Tom Atkins"
"26145","Dominic Barto"
"26146","Stan Bryant"
"26147","Trent Gough"
"26148","Buck Henry"
"26149","Marshall Ward"
"26150","Peter Falk"
"26151","Alan Arkin"
"26152","Richard Libertini"
"26153","Nancy Dussault"
"26154","Penny Peyser"
"26155","Arlene Golonka"
"26156","Michael Lembeck"
"26157","Paul L. Smith"
"26158","Carmine Caridi"
"26159","Ed Begley Jr."
"26160","Sammy Smith"
"26161","James Hong"
"26162","Barbara Dana"
"26163","Rozsika Halmos"
"26164","Alvaro Carcano"
"26165","Jorge Zepeda"
"26166","Sergio Calderon"
"26167","David Paymer"
"26168","Kent Williams"
"26169","John Hancock"
"26170","John Finnegan"
"26171","Brass Adams"
"26172","Eduardo Noriega"
"26173","Danny Kwan"
"26174","Maurice Sneed"
"26175","Rosanna DeSoto"
"26176","Jim Goodwin"
"26177","Mitchell Group"
"26178","Carmen Dragon"
"26179","Peter Miller"
"26180","Hanna King"
"26181","Dick Wieand"
"26182","Carlos Montalbo"
"26183","Tom Degidon"
"26184","Tony DiFalco"
"26185","John Daheim"
"26186","Art Evans"
"26187","John Hostetter"
"26188","Bill Houston"
"26189","Terry Bolo"
"26190","Drew Michaels"
"26191","Judith Garwood"
"26192","Ellen Clark"
"26193","Stella Stevens"
"26194","Shelley Winters"
"26195","Skip Ward"
"26196","Carol Cole"
"26197","Severn Darden"
"26198","Beverly Garland"
"26199","Michael Burns"
"26200","Barbara Sammeth"
"26201","Lloyd Haynes"
"26202","Jennifer Bishop"
"26203","Gloria Manon"
"26204","Lou Kane"
"26205","Jeffrey Allen"
"26206","David Barton"
"26207","Rex Benson"
"26208","Peter Halton"
"26209","Barbara Latell"
"26210","Jean MacRae"
"26211","Al Nalbandian"
"26212","Allen Pinson"
"26213","Arlene Richards"
"26214","Reed Sherman"
"26215","Emil Sitka"
"26216","Debi Storm"
"26217","Kam Tong"
"26218","Wendell Brown"
"26219","Tommy Citera"
"26220","Hutch Parker"
"26221","Ralph Macchio"
"26222","Harry Teinowitz"
"26223","Tom Poston"
"26224","Ian Wolfe"
"26225","Antonio Fargas"
"26226","Stacey Nelkin"
"26227","Barbara Bach"
"26228","Leonard Frey"
"26229","Luke Andreas"
"26230","Candy Ann Brown"
"26231","King Coleman"
"26232","Rosalie Citera"
"26233","Yvonne Francis"
"26234","James G. Robertson"
"26235","Rosemary Eliot"
"26236","Louis Zorich"
"26237","Robert Lynn Mock"
"26238","Tyrees Allen"
"26239","Eric Hanson"
"26240","Kenneth White"
"26241","Patrick McKenna"
"26242","Robert Scopa"
"26243","John R. Gallagher"
"26244","Jack N. Stewart"
"26245","John C. Ryberg"
"26246","Charles Lloyd Kephart"
"26247","James D. Coddington"
"26248","William J.L. Bunting"
"26249","Sheri Ann Hoffhines"
"26250","Annette Katafiasz"
"26251","Allyson Downey"
"26252","Barbara Lindsay"
"26253","Linda Myers"
"26254","Brenda A. Rohr"
"26255","Barbara Wisbey"
"26256","Tanya Boyd"
"26257","Ernest Vishneske"
"26258","Myra Benson"
"26259","Mike Cheswick"
"26260","Robert Downey Jr."
"26261","Ron Leibman"
"26262","Bill Nash"
"26263","Audrey B. Nelsen"
"26264","Megyn Shott"
"26265","Gregory Peck"
"26266","Richard Crenna"
"26267","David Janssen"
"26268","James Franciscus"
"26269","Gene Hackman"
"26270","Lee Grant"
"26271","Nancy Kovack"
"26272","Mariette Hartley"
"26273","Scott Brady"
"26274","Frank Marth"
"26275","Craig Huebing"
"26276","John Carter"
"26277","Vincent Van Lynn"
"26278","George Gaynes"
"26279","Tom Stewart"
"26280","Duke Hobbie"
"26281","Walter Brooke"
"26282","Dennis Robertson"
"26283","Bill Couch"
"26284","John Forsythe"
"26285","Mauritz Hugo"
"26286","Kenner G. Kemp"
"26287","Mary Linda Rapelye"
"26288","Bruce Rhodewalt"
"26289","George R. Robertson"
"26290","George Smith"
"26291","Jerry Lewis"
"26292","Peter Lawford"
"26293","Anne Francis"
"26294","Pedro Gonzalez Gonzalez"
"26295","Jimmy Miller"
"26296","Jennifer Edwards"
"26297","Eleanor Audley"
"26298","Henry Corden"
"26299","Sylvia Lewis"
"26300","Phillip Pine"
"26301","Felipe Turich"
"26302","Kathleen Freeman"
"26303","Murray Alper"
"26304","Leon Alton"
"26305","Larry Anthony"
"26306","Pat Armitage"
"26307","Larry J. Blake"
"26308","Paul Bradley"
"26309","Barbara Burgess"
"26310","Scatman Crothers"
"26311","Diane Da Pron"
"26312","Frankie Darro"
"26313","George DeNormand"
"26314","Byron Foulger"
"26315","Stella Garcia"
"26316","Tony Gardner"
"26317","Elizabeth Germaine"
"26318","Glenda Grainger"
"26319","Mark Harris"
"26320","Bob Harvey"
"26321","Raephael Hendricks"
"26322","Hubert H. Humphrey"
"26323","Jessica James"
"26324","Trayce Johnson"
"26325","Sid Kane"
"26326","Maurice Kelly"
"26327","Walter Kray"
"26328","Norman Leavitt"
"26329","Art Lewis"
"26330","Haydee Marino"
"26331","Tina Menard"
"26332","Carlos Molina"
"26333","Alberto Monte"
"26334","Del Moore"
"26335","Alberto Morin"
"26336","John Nolan"
"26337","William O'Connell"
"26338","Ines Pedroza"
"26339","Barbara Pepper"
"26340","Bill Richmond"
"26341","Davis Roberts"
"26342","Andy Romano"
"26343","Benny Rubin"
"26344","Jeffrey Sayre"
"26345","Linda Shoup"
"26346","John Spina"
"26347","John Stacy"
"26348","Joe Stead"
"26349","Gilchrist Stuart"
"26350","Roberta Sweed"
"26351","Margaret Teele"
"26352","Anne Travis"
"26353","Sarita Vara"
"26354","Candy Ward"
"26355","Harlan Warde"
"26356","Kenneth Washington"
"26357","William Wellman Jr."
"26358","Barbara Wilkin"
"26359","Bob Williams"
"26360","Sharyn Wynters"
"26361","Anthony Quinn"
"26362","Ingrid Bergman"
"26363","Fritz Weaver"
"26364","Katharine Crawford"
"26365","Tom Holland"
"26366","Virginia Gregg"
"26367","Mitchell Silberman"
"26368","Janet Nelson Chadwick"
"26369","David Opatoshu"
"26370","James Caan"
"26371","Elliott Gould"
"26372","Michael Caine"
"26373","Diane Keaton"
"26374","Charles Durning"
"26375","Lesley Ann Warren"
"26376","Val Avery"
"26377","Jack Gilford"
"26378","Dennis Dugan"
"26379","Carol Kane"
"26380","Kathryn Grody"
"26381","David Proval"
"26382","Michael Conrad"
"26383","Burt Young"
"26384","Bert Remsen"
"26385","Ted Cassidy"
"26386","Michael Greene"
"26387","James De Closs"
"26388","Nicky Blair"
"26389","George Greif"
"26390","John Hackett"
"26391","Philip Kenneally"
"26392","Jack Brodsky"
"26393","Karlene Gallegly"
"26394","Colin Hamilton"
"26395","Roger Til"
"26396","Tom Lawrence"
"26397","Ben Davidson"
"26398","Victor Romito"
"26399","Alex Rodine"
"26400","Selma Archerd"
"26401","Elizabeth Sommers"
"26402","Louise De Carlo"
"26403","Michelle Breeze"
"26404","Carmel Lougene"
"26405","Suzanne Covington"
"26406","Sig Frohlich"
"26407","Christopher Rydell"
"26408","Maureen Arthur"
"26409","David Shire"
"26410","Anthony Columbia"
"26411","Danny Rees"
"26412","Brion James"
"26413","Read Morgan"
"26414","Kim Lankford"
"26415","Yolanda Mayer"
"26416","George Gaynes"
"26417","Robert Miller Driscoll"
"26418","Geraldine Decker"
"26419","Ginny Gagnon"
"26420","Walter Willison"
"26421","Harry Naughton"
"26422","Carmine Coppola"
"26423","Jay Thompson"
"26424","Warren Berlinger"
"26425","Seamon Glass"
"26426","Charlie Murray"
"26427","Don Ames"
"26428","Ellen Blake"
"26429","Lee Wolfberg"
"26430","Sherry Moore"
"26431","Emmett Brown"
"26432","Evelyn Rydell"
"26433","Ernie Mishko"
"26434","Ellen Janes"
"26435","Dee Hoty"
"26436","Karen Powell"
"26437","Lars Hensen"
"26438","Peter Strauss"
"26439","Molly Ringwald"
"26440","Ernie Hudson"
"26441","Andrea Marcovicci"
"26442","Michael Ironside"
"26443","Beeson Carroll"
"26444","Hrant Alianak"
"26445","Deborah Pratt"
"26446","Aleisa Shirley"
"26447","Cali Timmins"
"26448","Paul Boretski"
"26449","Patrick Rowe"
"26450","Reggie Bennett"
"26451","Colin Mochrie"
"26452","Harold Ramis"
"26453","Clint Eastwood"
"26454","Freddie Jones"
"26455","David Huffman"
"26456","Warren Clarke"
"26457","Ronald Lacey"
"26458","Kenneth Colley"
"26459","Klaus Lowitsch"
"26460","Nigel Hawthorne"
"26461","Stefan Schnabel"
"26462","Thomas Hill"
"26463","Clive Merrison"
"26464","Kai Wulff"
"26465","Dimitra Arliss"
"26466","Austin Willis"
"26467","Michael Currie"
"26468","James Staley"
"26469","Ward Costello"
"26470","Alan Tilvern"
"26471","Oliver Cotton"
"26472","Bernard Behrens"
"26473","Richard Derr"
"26474","Woody Eney"
"26475","Bernard Erhard"
"26476","Hugh Fraser"
"26477","David Gant"
"26478","John Grillo"
"26479","Czeslaw Grocholski"
"26480","Barrie Hougton"
"26481","Neil Hunt"
"26482","Vincent J. Isaac"
"26483","Alexei Jawdokimov"
"26484","Wolf Kahler"
"26485","Eugene Lipinski"
"26486","Phillip Littell"
"26487","Curt Lowens"
"26488","Lev Mailer"
"26489","Fritz Manes"
"26490","David Meyers"
"26491","Alfredo Michelson"
"26492","Zeno Nahayevsky"
"26493","George Orrison"
"26494","Tony Papenfuss"
"26495","Olivier Pierre"
"26496","Grisha Plotkin"
"26497","George Pravda"
"26498","John Ratzenberger"
"26499","Alex Rodine"
"26500","Lance Rosen"
"26501","Eugene Scherer"
"26502","Warwick Sims"
"26503","Mike Spero"
"26504","Malcolm Storry"
"26505","Chris Winfield"
"26506","John Yates"
"26507","Alexander Zale"
"26508","Igor Zatsepin"
"26509","Konstantin Zlatev"
"26510","Rudolf Waldemar Brem"
"26511","Larry Guardino"
"26512","Kris Kristofferson"
"26513","Karen Black"
"26514","Gene Hackman"
"26515","Harry Dean Stanton"
"26516","Viva"
"26517","Joy Bang"
"26518","Roscoe Lee Browne"
"26519","Chuy Franco"
"26520","Severn Darden"
"26521","Herb Weil"
"26522","Antonio Fargas"
"26523","Doug Sahm"
"26524","Howard Hesseman"
"26525","Allan Arbus"
"26526","Frank Hotchkiss"
"26527","Hugh Romney"
"26528","James Oliver"
"26529","Nawana Davis"
"26530","Timothy Near"
"26531","Lorna Thayer"
"26532","William Traylor"
"26533","Anthony Caso"
"26534","Martin Fierro"
"26535","Frank Millen"
"26536","Frank Morin"
"26537","Johnny Perez"
"26538","Jimmy Stallings"
"26539","Brooke Shields"
"26540","Ken Marshall"
"26541","Charles Durning"
"26542","John Crawford"
"26543","Karen Lamm"
"26544","Gregory Walcott"
"26545","Harvey Lewis"
"26546","Geoffrey Lewis"
"26547","Rob Berger"
"26548","Don Stark"
"26549","Lorenzo Lamas"
"26550","Gary Mule Deer"
"26551","George Jacobs"
"26552","Helen Boll"
"26553","Frank Pesce"
"26554","Kathryn Gresham-Lancaster"
"26555","Paul Berlin"
"26556","Charles Lehman"
"26557","Jim Galante"
"26558","Bruce Mackey"
"26559","Teck Murdock"
"26560","Morgan Stoddard"
"26561","Fred Ward"
"26562","Lloyd Nelson"
"26563","Mychael Bates"
"26564","Michael Genne"
"26565","Daphne Parker"
"26566","Harriet Brown"
"26567","Susan Edelman"
"26568","Tom Poster"
"26569","Dale Cline"
"26570","John Martin Cooper"
"26571","Devorah Teas"
"26572","Jay Crago Vaughn"
"26573","Joseph Granatelli"
"26574","Michael Bates"
"26575","Lester Fletcher"
"26576","Shane Honu Bryant"
"26577","Tom Goldrup"
"26578","Tim Halpin"
"26579","Liv Ullmann"
"26580","Edward Albert"
"26581","Gene Kelly"
"26582","Binnie Barnes"
"26583","Deborah Raffin"
"26584","Billy Green Bush"
"26585","Nancy Walker"
"26586","Don Porter"
"26587","Rosemary Murphy"
"26588","Natalie Schafer"
"26589","Sam Chew Jr."
"26590","Claudia Jennings"
"26591","Brooke Palance"
"26592","Eugene Jackson"
"26593","Andrea True"
"26594","Simon Chuckster"
"26595","Melvin Van Peebles"
"26596","Hubert Scales"
"26597","John Dullaghan"
"26598","West Gale"
"26599","Niva Rochelle"
"26600","Rhetta Hughes"
"26601","Nick Ferrari"
"26602","Ed Rue"
"26603","John Amos"
"26604","Lavelle Roby"
"26605","Ted Hayden"
"26606","Mario Van Peebles"
"26607","Sonja Dunson"
"26608","Michael Augustus"
"26609","Peter Russell"
"26610","Norman Fields"
"26611","Ron Prince"
"26612","Steve Cole"
"26613","Megan Van Peebles"
"26614","Joe Tornatore"
"26615","Mikel Angel"
"26616","Jeff Goodman"
"26617","Curt Matson"
"26618","Marria Evonee"
"26619","Jon Jacobs"
"26620","William Kirschner"
"26621","Vincent Barbi"
"26622","Chesley Noone"
"26623","Joni Watkins"
"26624","Jerry Days"
"26625","John Allen"
"26626","Bruce Adams"
"26627","Brer Soul"
"26628","Edson C. Kurose"
"26629","Max Van Peebles"
"26630","Maggie Bembry"
"26631","Lenny Baker"
"26632","Shelley Winters"
"26633","Ellen Greene"
"26634","Lois Smith"
"26635","Christopher Walken"
"26636","Dori Brenner"
"26637","Antonio Fargas"
"26638","Lou Jacobi"
"26639","Mike Kellin"
"26640","Michael Egan"
"26641","Rashel Novikoff"
"26642","John C. Becher"
"26643","Jeff Goldblum"
"26644","Joe Spinell"
"26645","Denise Galik"
"26646","Rochelle Oliver"
"26647","Sol Frieder"
"26648","Helen Hanft"
"26649","John Ford Noonan"
"26650","Carole Monferdini"
"26651","Gui Andrisano"
"26652","Joe Madden"
"26653","Rubin Levine"
"26654","Rutanya Alda"
"26655","Milton Frome"
"26656","Annie Gagen"
"26657","Ray Gill"
"26658","Paul Mazursky"
"26659","Bill Murray"
"26660","Stuart Pankin"
"26661","Vincent Schiavelli"
"26662","Filomena Spagnuolo"
"26663","Kandice Stroh"
"26664","Frankie Verroca"
"26665","Peter Finch"
"26666","Liv Ullmann"
"26667","Sally Kellerman"
"26668","George Kennedy"
"26669","Michael York"
"26670","Olivia Hussey"
"26671","Bobby Van"
"26672","James Shigeta"
"26673","Charles Boyer"
"26674","John Gielgud"
"26675","Kent Smith"
"26676","John Van Dreelen"
"26677","Larry Duran"
"26678","Miiko Taka"
"26679","Tybee Brascia"
"26680","Neil Jon"
"26681","Hedley Mattingly"
"26682","Virginia Ann Lee"
"26683","Paul Delucca"
"26684","Bruce Davis Bayne"
"26685","Michael Bernal"
"26686","Sharann Hisamoto"
"26687","Jessie Salve"
"26688","Jackie Tom"
"26689","Ron Veto"
"26690","Paul Newman"
"26691","Joanne Woodward"
"26692","Anthony Franciosa"
"26693","Murray Hamilton"
"26694","Gail Strickland"
"26695","Melanie Griffith"
"26696","Linda Haynes"
"26697","Richard Jaeckel"
"26698","Paul Koslo"
"26699","Joe Canutt"
"26700","Andrew Robinson"
"26701","Coral Browne"
"26702","Richard Derr"
"26703","Helena Kallianiotes"
"26704","Leigh French"
"26705","Peter Dassinger"
"26706","James Fontenot"
"26707","Tommy McLain"
"26708","Martin Ahrens"
"26709","Philippe Blenet"
"26710","Jerome Greene"
"26711","Cecil Elliott"
"26712","Charles Bronson"
"26713","John Houseman"
"26714","Jacqueline Bisset"
"26715","Maximilian Schell"
"26716","Harry Guardino"
"26717","Harris Yulin"
"26718","Dana Elcar"
"26719","Michael Lerner"
"26720","George Memmoli"
"26721","Dick O'Neill"
"26722","Elisha Cook Jr."
"26723","Jerome Thor"
"26724","Val Bisoglio"
"26725","Burr DeBenning"
"26726","Daniel J. Travanti"
"26727","Stanley Brock"
"26728","Tom Pedi"
"26729","Joseph Roman"
"26730","Walter Brooke"
"26731","Jeff Goldblum"
"26732","Robert Englund"
"26733","Mark Thomas"
"26734","Joe De Nicola"
"26735","Bob Terhune"
"26736","Don Hanmer"
"26737","Norman Palmer"
"26738","George Sawaya"
"26739","Larry Martindale"
"26740","Olan Soule"
"26741","Louis H. Kelly"
"26742","Rosalyn Marshall"
"26743","Glenn Robards"
"26744","Lynn Borden"
"26745","Owen Pace"
"26746","Morris Buchanan"
"26747","Ben Young"
"26748","John Steadman"
"26749","Benjie Bancroft"
"26750","Layla Bias Galloway"
"26751","Jill Stone"
"26752","Edward Cross"
"26753","Jerry Brutsche"
"26754","Dar Robinson"
"26755","Rod Steiger"
"26756","Susannah York"
"26757","George Grizzard"
"26758","Don Murray"
"26759","William Hickey"
"26760","Steven Paul"
"26761","Pamelyn Ferdin"
"26762","Pamela Saunders"
"26763","Louis Turenne"
"26764","C.C. Whitney"
"26765","Lester Goldsmith"
"26766","Dustin Hoffman"
"26767","Robert Redford"
"26768","Jack Warden"
"26769","Martin Balsam"
"26770","Hal Holbrook"
"26771","Jason Robards"
"26772","Jane Alexander"
"26773","Meredith Baxter"
"26774","Ned Beatty"
"26775","Stephen Collins"
"26776","Penny Fuller"
"26777","John McMartin"
"26778","Robert Walden"
"26779","Frank Wills"
"26780","F. Murray Abraham"
"26781","David Arkin"
"26782","Henry Calvert"
"26783","Dominic Chianese"
"26784","Bryan Clark"
"26785","Nicolas Coster"
"26786","Lindsay Crouse"
"26787","Valerie Curtin"
"26788","Gene Dynarski"
"26789","Nate Esformes"
"26790","Ron Hale"
"26791","Richard Herd"
"26792","Polly Holliday"
"26793","James Karen"
"26794","Paul Lambert"
"26795","Frank Latimore"
"26796","Gene Lindsey"
"26797","Anthony Mannino"
"26798","Allyn Ann McLerie"
"26799","James Murtaugh"
"26800","John O'Leary"
"26801","Jess Osuna"
"26802","Neva Patterson"
"26803","George Pentecost"
"26804","Penny Peyser"
"26805","Joshua Shelley"
"26806","Sloane Shelton"
"26807","Lelan Smith"
"26808","Jaye Stewart"
"26809","Ralph Williams"
"26810","George Wyner"
"26811","Leroy Aarons"
"26812","Donnlynn Bennett"
"26813","Stanley Bennett Clay"
"26814","Carol Coggin"
"26815","Laurence Covington"
"26816","John Devlin"
"26817","John Furlong"
"26818","Sidney Ganis"
"26819","Amy Grossman"
"26820","Cynthia Herbst"
"26821","Basil Hoffman"
"26822","Mark Holtzman"
"26823","Jamie Smith-Jackson"
"26824","Barbara Lipsky"
"26825","Doug Llewelyn"
"26826","Jeff MacKay"
"26827","Irwin Marcus"
"26828","Ron Menchine"
"26829","Christopher Murray"
"26830","Jess Nadelman"
"26831","Noreen Nielson"
"26832","Florence Pepper"
"26833","Barbara Perlman"
"26834","Louis Quinn"
"26835","Peter Salim"
"26836","Shawn Shea"
"26837","Marvin Smith"
"26838","Pam Trager"
"26839","Carol Trost"
"26840","Richard Venture"
"26841","Bill Willens"
"26842","Wendell Wright"
"26843","Spiro Agnew"
"26844","Warren Burger"
"26845","Walter Cronkite"
"26846","Cara Duff-MacCormick"
"26847","Thomas Eagleton"
"26848","Gerald Ford"
"26849","Richard Kleindienst"
"26850","Clark MacGregor"
"26851","Robert S. Mills"
"26852","Pat Nixon"
"26853","Richard Nixon"
"26854","Rick O'Donnell"
"26855","Del Rager"
"26856","John Randolph"
"26857","Ronald L. Ziegler"
"26858","Malcolm McDowell"
"26859","David Warner"
"26860","Mary Steenburgen"
"26861","Charles Cioffi"
"26862","Kent Williams"
"26863","Andonia Katsaros"
"26864","Patti D'Arbanville"
"26865","James Garrett"
"26866","Keith McConnell"
"26867","Leo Lewis"
"26868","Byron Webster"
"26869","Karin de la Penha"
"26870","Geraldine Baron"
"26871","Laurie Main"
"26872","Joseph Maher"
"26873","Michael Evans"
"26874","Ray Reinhardt"
"26875","Robert Shaw"
"26876","Stu Klitsner"
"26877","Nicholas Shields"
"26878","Gene Hartline"
"26879","Clement von Franckenstein"
"26880","Shirley Marchant"
"26881","Larry J. Blake"
"26882","Antonie Becker"
"26883","Hilda Haynes"
"26884","Read Morgan"
"26885","M.C. Gainey"
"26886","Jim Haynie"
"26887","Wayne Storm"
"26888","John Colton"
"26889","Corey Feldman"
"26890","James Cranna"
"26891","Earl Nichols"
"26892","Bill Bradley"
"26893","Clete Roberts"
"26894","Rita Conde"
"26895","Gail Hyatt"
"26896","Shelley Hack"
"26897","Dan Leegant"
"26898","Regina Waldon"
"26899","Liz Roberson"
"26900","Anthony Gordon"
"26901","Lou Felder"
"26902","Doug Morrisson"
"26903","Glenn Carlson"
"26904","Neil Armstrong"
"26905","Judith Burnett"
"26906","Winston Churchill"
"26907","Jimi Hendrix"
"26908","John F. Kennedy"
"26909","Douglas MacArthur"
"26910","Edward R. Murrow"
"26911","Franklin D. Roosevelt"
"26912","Dyan Cannon"
"26913","Richard Crenna"
"26914","Gene Hackman"
"26915","Carroll O'Connor"
"26916","Rachel Roberts"
"26917","Janice Rule"
"26918","Diana Sands"
"26919","Cara Williams"
"26920","Richard Anderson"
"26921","Ralph Bellamy"
"26922","John Colicos"
"26923","George Gaynes"
"26924","Marian McCargo"
"26925","Scott Brady"
"26926","Kristina Holland"
"26927","Anthony Costello"
"26928","Mark Jenkins"
"26929","Vincent Van Lynn"
"26930","Ernie Barnes"
"26931","Paul Marin"
"26932","William Bramley"
"26933","Jon Lormer"
"26934","Mary Adams"
"26935","Mary Arden"
"26936","Conrad Bachmann"
"26937","Sandy Balson"
"26938","Paul Bradley"
"26939","Jim Brewer"
"26940","Barry Cahill"
"26941","Harper Carter"
"26942","Tony Clay"
"26943","Tony De Costa"
"26944","George DeNormand"
"26945","Glenn Dixon"
"26946","June Foray"
"26947","Bob Golden"
"26948","Duke Hobbie"
"26949","Brick Huston"
"26950","Philip Luther"
"26951","Frank Mathias"
"26952","Peggy Miller"
"26953","Sally Mills"
"26954","Pete Morrow"
"26955","Bru Mysak"
"26956","Scott Peters"
"26957","John S. Ragin"
"26958","Jack T. Snow"
"26959","Michael St. Angel"
"26960","Tom Stewart"
"26961","Robert Stiles"
"26962","Bunny Summers"
"26963","Leslie Summers"
"26964","Dick Winslow"
"26965","Karin Wolfe"
"26966","Sean Connery"
"26967","George Grizzard"
"26968","Robert Conrad"
"26969","Katharine Ross"
"26970","G.D. Spradlin"
"26971","John Saxon"
"26972","Henry Silva"
"26973","Leslie Nielsen"
"26974","Robert Webber"
"26975","Rosalind Cash"
"26976","Hardy Kruger"
"26977","Dean Stockwell"
"26978","Ron Moody"
"26979","Cherie Michan"
"26980","Tony March"
"26981","Marianne Marks"
"26982","Jeffrey Wheat"
"26983","Joseph Whipp"
"26984","Tom McFadden"
"26985","Ivy Bethune"
"26986","Jennifer Jason Leigh"
"26987","Kiva Lawrence"
"26988","Barry Cahill"
"26989","Angelo Bertolini"
"26990","Keith McConnell"
"26991","Alexander Zale"
"26992","Donald Bishop"
"26993","Dianne L. Wilson"
"26994","George Skaff"
"26995","Denis Hoppe"
"26996","Milton James"
"26997","Edward L. Moskowitz"
"26998","Myron Natwick"
"26999","Paul Lambert"
"27000","Suzanne Reynolds"
"27001","David Frankham"
"27002","Ed Pennybacker"
"27003","Ken Bibeau"
"27004","Art Evans"
"27005","Mio Polo"
"27006","Charles Hutchins"
"27007","Robert Alan Browne"
"27008","Mickey Jones"
"27009","Dawna O'Brien"
"27010","Pamela V. Kobbe"
"27011","Clare Grenville"
"27012","Merrill M. Mazuer"
"27013","Ray Conners"
"27014","Ken Gale"
"27015","Melinda Casey"
"27016","Kerry Sullivan"
"27017","Don F. Dunwell"
"27018","Melanie Stensland"
"27019","Don Worsham"
"27020","Julie Condra"
"27021","Ken Davis"
"27022","Toby Hughes"
"27023","Angela Pabisch"
"27024","George Palmer"
"27025","Frank Patton"
"27026","Jeff Schwartz"
"27027","Robert Redford"
"27028","Faye Dunaway"
"27029","Cliff Robertson"
"27030","Max von Sydow"
"27031","John Houseman"
"27032","Addison Powell"
"27033","Walter McGinn"
"27034","Tina Chen"
"27035","Michael Kane"
"27036","Don McHenry"
"27037","Michael B. Miller"
"27038","Jess Osuna"
"27039","Dino Narizzano"
"27040","Helen Stenborg"
"27041","Patrick Gorman"
"27042","Hansford Rowe"
"27043","Carlin Glynn"
"27044","Hank Garrett"
"27045","Arthur French"
"27046","Jay Devlin"
"27047","Frank Savino"
"27048","Robert Phalen"
"27049","John Randolph Jones"
"27050","Garrison Phillips"
"27051","Lee Steele"
"27052","Ed Crowley"
"27053","John Connell"
"27054","Norman Bush"
"27055","James Keane"
"27056","Ed Setrakian"
"27057","Myron Natwick"
"27058","Michael Prince"
"27059","Carol Gustafson"
"27060","Sal Schillizzi"
"27061","Harmon William"
"27062","David Bowman"
"27063","Eileen Gordon"
"27064","Robert Dahdah"
"27065","Steve Bonino"
"27066","Jennifer Rose"
"27067","David Allen"
"27068","Glenn Ferguson"
"27069","Paul Dwyer"
"27070","Marian Swan"
"27071","Dorothi Fox"
"27072","Ernest Harden Jr."
"27073","Sean Collins"
"27074","Beverly Goodman"
"27075","Russell Johnson"
"27076","Bruce Moreno"
"27077","Lauren Simon"
"27078","Gene Hackman"
"27079","Candice Bergen"
"27080","James Coburn"
"27081","Ben Johnson"
"27082","Ian Bannen"
"27083","Jan-Michael Vincent"
"27084","Robert Donner"
"27085","Jean Willes"
"27086","Mario Arteaga"
"27087","Dabney Coleman"
"27088","John McLiam"
"27089","Robert F. Hoy"
"27090","Jerry Gatlin"
"27091","Sally Kirkland"
"27092","Walter Scott"
"27093","William H. Burton Jr."
"27094","Buddy Van Horn"
"27095","Joe Brooks"
"27096","Lucia Canales"
"27097","Darwin Lamb"
"27098","Paul Stewart"
"27099","Peter Frampton"
"27100","Barry Gibb"
"27101","Robin Gibb"
"27102","Maurice Gibb"
"27103","Frankie Howerd"
"27104","Paul Nicholas"
"27105","Donald Pleasence"
"27106","Sandy Farina"
"27107","Dianne Steinberg"
"27108","Steve Martin"
"27109","Aerosmith"
"27110","Earth Wind & Fire"
"27111","Alice Cooper"
"27112","Billy Preston"
"27113","Stargard"
"27114","George Burns"
"27115","Carel Struycken"
"27116","Patti Jerome"
"27117","Max Showalter"
"27118","John Wheeler"
"27119","Jay W. MacIntosh"
"27120","Eleanor Zee"
"27121","Scott Manners"
"27122","Stanley Coles"
"27123","Stanley Sheldon"
"27124","Bob Mayo"
"27125","Woody Chambliss"
"27126","Hank Worden"
"27127","Morgan Farley"
"27128","Delos V. Smith Jr."
"27129","Patrick Cranshaw"
"27130","Terri Lynn Wood"
"27131","Tracy Justrich"
"27132","Anna Rodzianko"
"27133","Rosa Aragon"
"27134","Peter Allen"
"27135","Keith Allison"
"27136","George Benson"
"27137","Elvin Bishop"
"27138","Stephen Bishop"
"27139","Jack Bruce"
"27140","Keith Carradine"
"27141","Carol Channing"
"27142","Charlotte Crossley"
"27143","Sharon Redd"
"27144","Ula Hedwig"
"27145","Jim Dandy"
"27146","Sarah Dash"
"27147","Rick Derringer"
"27148","Barbara Dickson"
"27149","Donovan"
"27150","Randy Edelman"
"27151","Yvonne Elliman"
"27152","Jose Feliciano"
"27153","Leif Garrett"
"27154","Geraldine Granger"
"27155","Adrian Gurvitz"
"27156","Billy Harper"
"27157","Eddie Harris"
"27158","Heart"
"27159","Nona Hendryx"
"27160","Barry Humphries"
"27161","Etta James"
"27162","Dr. John"
"27163","Bruce Johnston"
"27164","Joe Lala"
"27165","D.C. LaRue"
"27166","Jo Leb"
"27167","Marcella Detroit"
"27168","Mark Lindsay"
"27169","Nils Lofgren"
"27170","Jackie Lomax"
"27171","John Mayall"
"27172","Curtis Mayfield"
"27173","'Cousin Brucie' Morrow"
"27174","Peter Noone"
"27175","Alan O'Day"
"27176","Lee Oskar"
"27177","Andy Paley"
"27178","Jonathan Paley"
"27179","Robert Palmer"
"27180","Wilson Pickett"
"27181","Anita Pointer"
"27182","Bonnie Raitt"
"27183","Helen Reddy"
"27184","Minnie Riperton"
"27185","Chita Rivera"
"27186","Johnny Rivers"
"27187","Monti Rock III"
"27188","Danielle Rowe"
"27189","Sha-Na-Na"
"27190","Del Shannon"
"27191","Joe Simon"
"27192","Jim Seals"
"27193","Dash Crofts"
"27194","Connie Stevens"
"27195","Al Stewart"
"27196","John Stewart"
"27197","Tina Turner"
"27198","Frankie Valli"
"27199","Gwen Verdon"
"27200","Diane Vincent"
"27201","Grover Washington Jr."
"27202","Hank Williams Jr."
"27203","Johnny Winter"
"27204","Wolfman Jack"
"27205","Bobby Womack"
"27206","Alan White"
"27207","Lenny White"
"27208","Margaret Whiting"
"27209","Gary Wright"
"27210","Barbi Alison"
"27211","Helena Andreyko"
"27212","Jennifer Buchanan"
"27213","Leonard Connor"
"27214","Sheryl Cooper"
"27215","Carol Culver"
"27216","Dennis Daniels"
"27217","Tom Demenkoff"
"27218","Cindy DeVore"
"27219","Lionel Douglass"
"27220","Larry Dusich"
"27221","Deborah Fishman"
"27222","John Robert Garrett"
"27223","Ken Grant"
"27224","Sandra Gray"
"27225","Mary Ann Hay"
"27226","Mimi Lieber"
"27227","Ben Lokey"
"27228","Kim Miyori"
"27229","Sean Moran"
"27230","JoAnn O'Rourke"
"27231","Melinda Phelps"
"27232","Kathy Pickle"
"27233","Greg Rosatti"
"27234","Andy Roth"
"27235","Lou Spadaccini"
"27236","Dennis Stewart"
"27237","Judy Susman"
"27238","Andy Tennant"
"27239","Lulu Washington"
"27240","Richard Weisman"
"27241","Antoinette Yuskis"
"27242","Cheryl Faye"
"27243","George Harrison"
"27244","Howard Leese"
"27245","Bobby Lento"
"27246","'Dirty Dan' McBride"
"27247","Linda McCartney"
"27248","Paul McCartney"
"27249","Scott McKinley"
"27250","Bob Quinn"
"27251","Velvet Rhodes"
"27252","Carolyn Stellar"
"27253","Eric Voge"
"27254","Jeffrey Weissman"
"27255","Michael Douglas"
"27256","Jack Warden"
"27257","Brenda Vaccaro"
"27258","Barbara Bel Geddes"
"27259","Kirk Calloway"
"27260","Bill Vint"
"27261","Jeff Siggins"
"27262","Rob Reiner"
"27263","William Smith"
"27264","Garry Goodrow"
"27265","Dennis Fimple"
"27266","June Fairchild"
"27267","Richard Stahl"
"27268","Teri Garr"
"27269","James Stewart"
"27270","George Kennedy"
"27271","Anne Baxter"
"27272","Strother Martin"
"27273","Kurt Russell"
"27274","William Windom"
"27275","Mike Kellin"
"27276","Katherine Cannon"
"27277","Morgan Paull"
"27278","Robert Donner"
"27279","David Huddleston"
"27280","Dort Clark"
"27281","James Lee Barrett"
"27282","Kitty Jefferson Doepken"
"27283","Dwight McConnell"
"27284","Richard Carl"
"27285","Arthur Cain"
"27286","Paul Merriman"
"27287","Walter Dove"
"27288","Peter Miller"
"27289","George Metro"
"27290","Suzann Stoehr"
"27291","John Edwards"
"27292","Kenner G. Kemp"
"27293","Michael Moriarty"
"27294","Yaphet Kotto"
"27295","Susan Blakely"
"27296","Hector Elizondo"
"27297","Tony King"
"27298","Michael McGuire"
"27299","Edward Grover"
"27300","Dana Elcar"
"27301","Bob Balaban"
"27302","William Devane"
"27303","Stephen Elliott"
"27304","Richard Gere"
"27305","Vic Tayback"
"27306","Albert Seedman"
"27307","Noelle North"
"27308","Bebe Drake"
"27309","Sonny Grosso"
"27310","Lee Delano"
"27311","Vincent Van Lynn"
"27312","Bob Golden"
"27313","Allen Arkus"
"27314","Cynthia Frost"
"27315","Robert Blake"
"27316","Scott Wilson"
"27317","John Forsythe"
"27318","Paul Stewart"
"27319","Gerald S. O'Loughlin"
"27320","Jeff Corey"
"27321","John Gallaudet"
"27322","James Flavin"
"27323","Charles McGraw"
"27324","Will Geer"
"27325","John McLiam"
"27326","Ruth Storey"
"27327","Brenda Currin"
"27328","Paul Hough"
"27329","Vaughn Taylor"
"27330","Duke Hobbie"
"27331","Sheldon Allman"
"27332","Sammy Thurman"
"27333","Raymond Hatton"
"27334","Sadie Truitt"
"27335","Myrtle Clare"
"27336","Ted Eccles"
"27337","Al Christy"
"27338","Don Sollars"
"27339","Harriet Levitt"
"27340","Rhonda Fultz"
"27341","Mary Linda Rapelye"
"27342","Paul Carr"
"27343","John Collins"
"27344","Pamela Crosley"
"27345","Nick Dimitri"
"27346","John C. Flinn III"
"27347","Paul Frees"
"27348","Roosevelt Grier"
"27349","Bobby Johnson"
"27350","Richard Kelton"
"27351","James Lantz"
"27352","Stan Levitt"
"27353","Gerry Okuneff"
"27354","Bowman Upchurch"
"27355","Guy Way"
"27356","Darlene Williams"
"27357","Odd Williams"
"27358","William Hurt"
"27359","Blair Brown"
"27360","Bob Balaban"
"27361","Charles Haid"
"27362","Thaao Penghlis"
"27363","Miguel Godreau"
"27364","Dori Brenner"
"27365","Peter Brandon"
"27366","Charles White-Eagle"
"27367","Drew Barrymore"
"27368","Megan Jeffers"
"27369","Jack Murdock"
"27370","Francis X. McCarthy"
"27371","Deborah Baltzell"
"27372","Evan Richards"
"27373","Hap Lawrence"
"27374","John Walter Davis"
"27375","Cynthia Burr"
"27376","Susan Bredhoff"
"27377","John Larroquette"
"27378","George Gaynes"
"27379","Ora Rubinstein"
"27380","Paul Larsson"
"27381","Eric Forst"
"27382","Adriana Shaw"
"27383","Martin Fiscoe"
"27384","Olivia Michelle"
"27385","Bob Dylan"
"27386","Sara Dylan"
"27387","Joan Baez"
"27388","Ronnie Hawkins"
"27389","Jack Elliott"
"27390","Harry Dean Stanton"
"27391","Bob Neuwirth"
"27392","Allen Ginsberg"
"27393","Mel Howard"
"27394","David Mansfield"
"27395","Jack Baran"
"27396","Helena Kallianiotes"
"27397","Rubin 'Hurricane' Carter"
"27398","Anne Waldman"
"27399","T Bone Burnett"
"27400","Larry 'Ratso' Sloman"
"27401","Ronee Blakley"
"27402","David Blue"
"27403","Roberta Flack"
"27404","Arlo Guthrie"
"27405","Roger McGuinn"
"27406","Denise Mercedes"
"27407","Joni Mitchell"
"27408","Scarlet Rivera"
"27409","Luther Rix"
"27410","Mick Ronson"
"27411","Sam Shepard"
"27412","J. Steven Soles"
"27413","Rob Stoner"
"27414","Linda Thomases"
"27415","Ruth Tyrangel"
"27416","Howie Wyeth"
"27417","Peter Orlovsky"
"27418","Al Pacino"
"27419","Marthe Keller"
"27420","Anny Duperey"
"27421","Walter McGinn"
"27422","Van Doude"
"27423","Gerard Hernandez"
"27424","Stephan Meldegg"
"27425","Norm Nielsen"
"27426","Romolo Valli"
"27427","Jaime Sanchez"
"27428","Mickey Knox"
"27429","Dorothy James"
"27430","Guido Alberti"
"27431","Monique Lejeune"
"27432","Steve Gadler"
"27433","Aurora Maris"
"27434","Maurice Vallier"
"27435","Antonino Faa di Bruno"
"27436","Andre Valardy"
"27437","Feodor Atkine"
"27438","Patrick Floersheim"
"27439","Bernie Pollack"
"27440","Al Silvani"
"27441","Isabelle de Blonay"
"27442","Franco Ressel"
"27443","Dominique Briand"
"27444","Maurice Baquet"
"27445","Yvonne Dany"
"27446","John Phillip Law"
"27447","Dyan Cannon"
"27448","Robert Ryan"
"27449","Jackie Cooper"
"27450","David Hemmings"
"27451","Jodi Wexler"
"27452","William Roerick"
"27453","Maureen Arthur"
"27454","Shecky Greene"
"27455","Clinton Greyn"
"27456","Sharon Farrell"
"27457","Alexandra Hay"
"27458","Eve Bruce"
"27459","Greg Mullavey"
"27460","Gene Baylos"
"27461","Ben Lessy"
"27462","Edith Atwater"
"27463","Elizabeth St. Clair"
"27464","Claudia Jennings"
"27465","Mary Collinson"
"27466","Madeleine Collinson"
"27467","Jerry Dunphy"
"27468","Michael Jackson"
"27469","Ted Meyers"
"27470","Jane Axell"
"27471","Sandy Balson"
"27472","Lloyd Battista"
"27473","Evelyn Beebe"
"27474","Nicky Blair"
"27475","Tommy Bond"
"27476","Robert A. Bowen"
"27477","Jane Brechenridge"
"27478","Lee Brubaker"
"27479","Fleurette Carter"
"27480","John Carter"
"27481","Hy Chase"
"27482","Leigh Christian"
"27483","Cheryl Christiansen"
"27484","Willie Davis"
"27485","Lincoln Demyan"
"27486","Anitra Ford"
"27487","Lance Fuller"
"27488","Annabelle Garth"
"27489","Beverly Gill"
"27490","Marianne Gordon"
"27491","Walter Haddock"
"27492","Melonie Haller"
"27493","Stan Harris"
"27494","Duke Hobbie"
"27495","Mauritz Hugo"
"27496","Gayle Hunnicutt"
"27497","Jake Jacobs"
"27498","Dick Jacobsen"
"27499","Pat Kehoe"
"27500","Barry Kirstein"
"27501","George A. Lamprey"
"27502","Wilfred D. Langley"
"27503","Liv Lindeland"
"27504","James Lloyd"
"27505","Michael Lorenz"
"27506","Ann Lynn"
"27507","Ralph Manza"
"27508","Paul Marin"
"27509","Frank Mathias"
"27510","Larry McCormick"
"27511","Peter McGuire"
"27512","Bill McKeever"
"27513","Bruno Meglio"
"27514","Christopher Michaels"
"27515","Royce Milne"
"27516","Emilie Mitchell"
"27517","Paula Mitchell"
"27518","Linda Morand"
"27519","Robert Patten"
"27520","Marco Peterson"
"27521","Monica Peterson"
"27522","Don Rickles"
"27523","Sugar Ray Robinson"
"27524","Michael St. Angel"
"27525","Tom Stewart"
"27526","Bob Stiles"
"27527","Jacqueline Susann"
"27528","Jack Tesler"
"27529","Mark Thomas"
"27530","Len Uslaner"
"27531","Betty Van Valkenburgh"
"27532","Ike Williams"
"27533","Dick Winslow"
"27534","Barry Woodruff"
"27535","Barbra Streisand"
"27536","Omar Sharif"
"27537","Kay Medford"
"27538","Anne Francis"
"27539","Walter Pidgeon"
"27540","Lee Allen"
"27541","Mae Questel"
"27542","Gerald Mohr"
"27543","Frank Faylen"
"27544","Mittie Lawrence"
"27545","Gertrude Flynn"
"27546","Penny Santon"
"27547","John Harmon"
"27548","Thordis Brandt"
"27549","Bettina Brenna"
"27550","Virginia Ann Ford"
"27551","Alena Johnston"
"27552","Karen Lee"
"27553","Mary Jane Mangler"
"27554","Inga Neilsen"
"27555","Sharon Vaughn"
"27556","Lillian Adams"
"27557","Peter Adams"
"27558","Charles Akins"
"27559","Kristin Andersen"
"27560","Martin Ashe"
"27561","Al Avalon"
"27562","Chela Bacigalupo"
"27563","Frank Baron"
"27564","Bobbie Bates"
"27565","Rudy Battaglia"
"27566","Richard S. Baughn"
"27567","William 'Billy' Benedict"
"27568","Donald Bradburn"
"27569","Paul Bradley"
"27570","Blanche Bronte"
"27571","Phyllis Brown"
"27572","Buddy Bryant"
"27573","Fletcher Bryant"
"27574","Barbara Burgess"
"27575","Irving Burns"
"27576","Gene Callahan"
"27577","Kyra Carleton"
"27578","Nancee Charles"
"27579","Robert Christian"
"27580","Roy Clark"
"27581","Sterling Clark"
"27582","Ruth Clifford"
"27583","Beverly Cole"
"27584","Jerome Collamore"
"27585","Gene Columbus"
"27586","Daniel Cook"
"27587","Cis Corman"
"27588","Tom Cound"
"27589","Chris Cranston"
"27590","Leon Daniels"
"27591","Diane Davis"
"27592","Gayle Davis"
"27593","Hal K. Dawson"
"27594","Lavina Dawson"
"27595","Marcel De la Brosse"
"27596","Margarita de Saa White"
"27597","Pepe J. DeChiazza"
"27598","Jack Del Rio"
"27599","John Dennis"
"27600","George DeNormand"
"27601","Joanna DiGiovanna"
"27602","Joseph Dolphin"
"27603","Pat Doty"
"27604","John Downing"
"27605","Barrie Duffus"
"27606","Kevin Edwards"
"27607","Edith Emelyne"
"27608","Sheila English"
"27609","Lynn Fields"
"27610","John Frayer"
"27611","Larry Gelman"
"27612","Lloyd Gough"
"27613","Janet Hadland"
"27614","Dann E. Hadzick"
"27615","Viola Harris"
"27616","John Hawke"
"27617","Howard Henderson"
"27618","Hildegard"
"27619","Barbara Houston"
"27620","Linda Howe"
"27621","Craig Huxley"
"27622","Jeri Jamerson"
"27623","Rini Jarmon"
"27624","Michael Jeffers"
"27625","Howard Jeffrey"
"27626","Elaine Joyce"
"27627","Jack Kassabian"
"27628","Adam Kaufman"
"27629","Paul Keith"
"27630","Sherwood Keith"
"27631","Ingeborg Kjeldsen"
"27632","Norma Jean Kron"
"27633","George LaFave"
"27634","Sherry Lansing"
"27635","Abe Lax"
"27636","Frances Weintraub Lax"
"27637","Pam Leho"
"27638","Robert Locke Lorraine"
"27639","Arlyn E. Loynd"
"27640","Freeman Lusk"
"27641","Lester Mack"
"27642","Sonya Mahler"
"27643","Michael Mark"
"27644","Katherine Marking"
"27645","Kathy Martin"
"27646","Mark Maskin"
"27647","Sally Mason"
"27648","Frank Mathias"
"27649","Diane Mayer"
"27650","Pat McCaffrie"
"27651","Max Mellinger"
"27652","Lee Meredith"
"27653","Belle Mitchell"
"27654","Richard Monahan"
"27655","Barbara Monte"
"27656","Shelley Morrison"
"27657","E.A. Nicholson"
"27658","Tom Noel"
"27659","Gerry Okuneff"
"27660","Charlie Peterson"
"27661","Ron Poindexter"
"27662","Tommy Rall"
"27663","Paul Randall"
"27664","Teresa Ravid"
"27665","Tony Regan"
"27666","Hanne-Marie Reiner"
"27667","Leoda Richards"
"27668","Alex Rodine"
"27669","Clark Ross"
"27670","Francoise Ruggieri"
"27671","Jack Bowen Saunders"
"27672","Jeffrey Sayre"
"27673","Yvonne Schubert"
"27674","Darryl Seamen"
"27675","Jet Sharon"
"27676","Johnny Silver"
"27677","Harry Stanton"
"27678","Geoffrey Steele"
"27679","Nancy Stone"
"27680","Frank Sully"
"27681","Bunny Summers"
"27682","Earl Sydnor"
"27683","Judy Taylor"
"27684","Arthur Tell"
"27685","Rita Thiel"
"27686","Bob Thompson"
"27687","Victoria Thompson"
"27688","Arthur Tovey"
"27689","Pat Tribble"
"27690","Terri Tucker"
"27691","Kaye Turner"
"27692","Caprice Walker"
"27693","John Warburton"
"27694","Carol Warner"
"27695","Joni Webster"
"27696","Sandra Wells"
"27697","Marjorie White"
"27698","Shari White"
"27699","Marc Wilder"
"27700","Caroline Williams"
"27701","Christine Williams"
"27702","Susan Williams"
"27703","Sally Winn"
"27704","Dick Winslow"
"27705","Nancy Woods"
"27706","Charles Woolf"
"27707","Beverly Yates"
"27708","Joe Yore"
"27709","Enid Yousen"
"27710","Michael Ontkean"
"27711","Margot Kidder"
"27712","Ray Sharkey"
"27713","Jan Miner"
"27714","Tom Brennan"
"27715","Julie Bovasso"
"27716","Louis Guss"
"27717","Kathleen Maguire"
"27718","Kaki Hunter"
"27719","Kristine DeBell"
"27720","Alison Cass Shurpin"
"27721","Christine Varnai"
"27722","Walter N. Lowery"
"27723","Jerry Hall"
"27724","Helen Hanft"
"27725","Sol Frieder"
"27726","Ed Van Nuys"
"27727","Jill Mazursky"
"27728","Donald F. Muhich"
"27729","Ann E. Wile"
"27730","Hubert J. Edwards"
"27731","Allen C. Dawson"
"27732","Alvin Alexis"
"27733","Robert Townsend"
"27734","Cynthia McPherson"
"27735","Karen Montgomery"
"27736","Tom Noonan"
"27737","Ginny Ortiz"
"27738","Louis Cappeto"
"27739","Karen Ford"
"27740","Stephan Hart"
"27741","Kitty Muldoon"
"27742","Avind Harum"
"27743","Nikokas K. Irizarry"
"27744","Madeline Moroff"
"27745","R.M. Wexler"
"27746","Mary-Pat Green"
"27747","Natalie Wood"
"27748","Seth Affoumado"
"27749","Laurence Fishburne"
"27750","Lionel Pina"
"27751","Edy Williams"
"27752","Douglas Rowan"
"27753","Mel Brooks"
"27754","Dom DeLuise"
"27755","Madeline Kahn"
"27756","Harvey Korman"
"27757","Cloris Leachman"
"27758","Ron Carey"
"27759","Gregory Hines"
"27760","Pamela Stephenson"
"27761","Shecky Greene"
"27762","Sid Caesar"
"27763","Mary-Margaret Humes"
"27764","Orson Welles"
"27765","Rudy De Luca"
"27766","Leigh French"
"27767","Richard Karron"
"27768","Susette Carroll"
"27769","Sammy Shore"
"27770","J.J. Barry"
"27771","Earl Finn"
"27772","Suzanne Kent"
"27773","Michael Champion"
"27774","Howard Morris"
"27775","Charlie Callas"
"27776","Dena Dietrich"
"27777","Paul Mazursky"
"27778","Ron Clark"
"27779","Jack Riley"
"27780","Art Metrano"
"27781","Diane Day"
"27782","Henny Youngman"
"27783","Hunter von Leer"
"27784","Fritz Feld"
"27785","Hugh M. Hefner"
"27786","Pat McCormick"
"27787","Barry Levinson"
"27788","Sid Gould"
"27789","Ronny Graham"
"27790","Jim Steck"
"27791","John Myhers"
"27792","Lee Delano"
"27793","Robert Goldberg"
"27794","Alan U. Schwartz"
"27795","Jay Burton"
"27796","Robert Zappy"
"27797","Ira Miller"
"27798","Milt Freedman"
"27799","Johnny Silver"
"27800","Charles Thomas Murphy"
"27801","Rod Haase"
"27802","Eileen Saki"
"27803","John Hurt"
"27804","Henry Kaiser"
"27805","Zale Kessler"
"27806","Anthony Messina"
"27807","Howard Mann"
"27808","Sandy Helberg"
"27809","Mitchell Bock"
"27810","Gilbert Lee"
"27811","Molly Basler"
"27812","Deborah Dawes"
"27813","Christine Dickinson"
"27814","Lisa Sohm"
"27815","Michele Drake"
"27816","Jeana Keough"
"27817","Lisa Welch"
"27818","Janis Schmitt"
"27819","Heidi Sorenson"
"27820","Karen Morton"
"27821","Kathy Collins"
"27822","Lori Sutton"
"27823","Lou Mulford"
"27824","Jackie Mason"
"27825","Phil Leeds"
"27826","Jack Carter"
"27827","Jan Murray"
"27828","Andreas Voutsinas"
"27829","Spike Milligan"
"27830","John Hillerman"
"27831","Sydney Lassick"
"27832","Jonathan Cecil"
"27833","Andrew Sachs"
"27834","Fiona Richmond"
"27835","Nigel Hawthorne"
"27836","Bella Emberg"
"27837","Geoffrey Larder"
"27838","George Lane Cooper"
"27839","Stephanie Marrian"
"27840","Royce Mills"
"27841","Mike Cottrell"
"27842","Gerald Staddon"
"27843","John Ghavan"
"27844","Rusty Goffe"
"27845","Scott Henderson"
"27846","Michael Miller"
"27847","Royce D. Applegate"
"27848","Bea Arthur"
"27849","Sean Barry-Weske"
"27850","Ava Cadell"
"27851","Harry Fielder"
"27852","Rod Haask"
"27853","Linda Hoxit"
"27854","Denise McKenna"
"27855","Cleo Rocos"
"27856","Dom Salinaro"
"27857","Albert Whitlock"
"27858","Jacqueline Bisset"
"27859","Stella Stevens"
"27860","Steve Lawrence"
"27861","Gary Lockwood"
"27862","Lee Purcell"
"27863","Loretta Swit"
"27864","Hector Elizondo"
"27865","Anne Francine"
"27866","Madlyn Rhue"
"27867","Alex Wilson"
"27868","Michael Ansara"
"27869","Joyce Brothers"
"27870","Jessica Rains"
"27871","Meredith Baxter"
"27872","Greg Mullavey"
"27873","Nancy Walker"
"27874","Edith Atwater"
"27875","Jeff Donnell"
"27876","Kathleen Freeman"
"27877","Leigh Adams-Bennett"
"27878","Norman Alden"
"27879","Sandy Balson"
"27880","Carolyne Barry"
"27881","Mark Benson"
"27882","Joseph Bernard"
"27883","Billie Bird"
"27884","May Boss"
"27885","Jim Brewer"
"27886","Linda Burton"
"27887","Lorie Busk"
"27888","Choo Choo Collins"
"27889","Jackie Cooper"
"27890","Linda Cooper"
"27891","Pepper Curtis"
"27892","Lavina Dawson"
"27893","Diane Deininger"
"27894","George Dunn"
"27895","Stephanie Edwards"
"27896","Donna Garrett"
"27897","Bob Golden"
"27898","Lorry Goldman"
"27899","Janie Greenspun"
"27900","Chanin Hale"
"27901","Peter Halton"
"27902","John Hegner"
"27903","Boyd Holister"
"27904","Richard Jury"
"27905","Ann Lynn"
"27906","Jo Jo Malone"
"27907","Patricia Marlowe"
"27908","Marsha Metrinko"
"27909","Colleen Miller"
"27910","Shelley Morrison"
"27911","Virginia Paris"
"27912","Joseph V. Perry"
"27913","Angel Pine"
"27914","Vern Porter"
"27915","Jennifer Rhodes"
"27916","Gale Robbins"
"27917","Luanne Roberts"
"27918","Mabel Robinson"
"27919","Lavelle Roby"
"27920","Mark Russell"
"27921","Isabel Sanford"
"27922","Morgan Sterne"
"27923","Tom Stewart"
"27924","Leslie Summers"
"27925","Bea Thompkins"
"27926","Irene Tsu"
"27927","George Winters"
"27928","Ryan O'Neal"
"27929","Jacqueline Bisset"
"27930","Warren Oates"
"27931","Jill Clayburgh"
"27932","Charles Cioffi"
"27933","Ned Beatty"
"27934","Austin Pendleton"
"27935","Gregory Sierra"
"27936","Michael Murphy"
"27937","John Hillerman"
"27938","Alan Oppenheimer"
"27939","Margaret Fairchild"
"27940","Jack Manning"
"27941","Richard O'Brien"
"27942","George Morfogen"
"27943","Ollie Ree Alridge"
"27944","Jim Antonio"
"27945","Army Archerd"
"27946","Jim Bacon"
"27947","J. Randall Bell"
"27948","Donald E. Bolen"
"27949","Joan C. Brooks"
"27950","Richard Cuskelly"
"27951","Walt Davis"
"27952","Jack Clifford Donahue"
"27953","Glenn Enoch"
"27954","John H. Faulk"
"27955","Ralph Gambina"
"27956","Bettye Gardner"
"27957","Homer Garrett"
"27958","Judy Gilcrease"
"27959","Dean Neel Goss"
"27960","Robert W. Hitchcock"
"27961","J.E. Hutcheson"
"27962","Jerry James"
"27963","Raymond Kark"
"27964","Joanne King"
"27965","Paul J. Kleeper"
"27966","Dick Kleiner"
"27967","Marc Masterson"
"27968","Kirk Mee"
"27969","Norman F. Merrbach"
"27970","Warren Munson"
"27971","Kevin O'Neal"
"27972","Amelia Parker"
"27973","Joseph R. Pulaski"
"27974","Natasha Rawson"
"27975","Kirk Raymond"
"27976","Jack Riley"
"27977","Jackie Riley"
"27978","Garrett Scales"
"27979","Virlene Shaw"
"27980","Stanley J. Skearton"
"27981","Noble Willingham"
"27982","Smith Zunker"
"27983","George Segal"
"27984","Susan Anspach"
"27985","Kris Kristofferson"
"27986","Marsha Mason"
"27987","Shelley Winters"
"27988","Donald F. Muhich"
"27989","Paul Mazursky"
"27990","Erin O'Reilly"
"27991","Annazette Chase"
"27992","Shelley Morrison"
"27993","Mary Jackson"
"27994","Ed Peck"
"27995","Jo Morrow"
"27996","Gigi Ballista"
"27997","Ian Linhart"
"27998","Mario Demo"
"27999","Erica von Kessler"
"28000","Dennis Kort"
"28001","Judyann Elder"
"28002","Carol Worthington"
"28003","Louis Gottlieb"
"28004","Ray Schmidt"
"28005","Virginia Denison"
"28006","Warren Stagg"
"28007","George Reynolds"
"28008","Carol O'Leary"
"28009","Karl Lukas"
"28010","Phil Adams"
"28011","Rutanya Alda"
"28012","Chela Bacigalupo"
"28013","Elizabeth Claman"
"28014","Barbara Duskin"
"28015","Tamara Elliot"
"28016","Leon Frederick"
"28017","David Garfield"
"28018","Jenny Hill"
"28019","Harry Hollins"
"28020","Jane Jenkins"
"28021","Sally Kirkland"
"28022","Hal Marshall"
"28023","Marsia Masset"
"28024","Daniel Nunez"
"28025","Bonita Parsons"
"28026","Corinne Patten"
"28027","Andre Philippe"
"28028","Albert Popwell"
"28029","Philip Roth"
"28030","Adriana Shaw"
"28031","Brenda Smiley"
"28032","Lenore Woodward"
"28033","Natalie Wood"
"28034","Robert Culp"
"28035","Elliott Gould"
"28036","Dyan Cannon"
"28037","Horst Ebersberg"
"28038","Lee Bergere"
"28039","Donald F. Muhich"
"28040","Noble Lee Holderread Jr."
"28041","K.T. Stevens"
"28042","Celeste Yarnall"
"28043","Lynn Borden"
"28044","Linda Burton"
"28045","Greg Mullavey"
"28046","Andre Philippe"
"28047","Diane Berghoff"
"28048","John Halloran"
"28049","Susan Merin"
"28050","Jeffrey Walker"
"28051","Vicki Thal"
"28052","Joyce Easton"
"28053","Howard Dayton"
"28054","Alida Ihle"
"28055","John Brent"
"28056","Garry Goodrow"
"28057","Carol O'Leary"
"28058","Constance Egan"
"28059","Julia Black"
"28060","Davana Caryl"
"28061","Florence Clayton"
"28062","Bill Cosby"
"28063","Philip de Firmian"
"28064","George DeNormand"
"28065","Jerry Franks"
"28066","Leif Garrett"
"28067","Michael Z. Gordon"
"28068","Marshall Ho'o"
"28069","Bill Kelly"
"28070","Walter Kightly"
"28071","Hawk Koch"
"28072","Devra Korwin"
"28073","Saverio LoMedico"
"28074","Ivan Markota"
"28075","Sally Marr"
"28076","Paul Mazursky"
"28077","Doreen McLean"
"28078","Fredricka Meyers"
"28079","Celeste Michaels"
"28080","Susana Miranda"
"28081","Tony Mirelez"
"28082","Mike Morris"
"28083","Jan Narramore"
"28084","Leig Nervik"
"28085","John S. Ragin"
"28086","Richard Reed"
"28087","Mark Rhudy"
"28088","Nanci Roberts"
"28089","David Roya"
"28090","Connie Sawyer"
"28091","Milli Schuber"
"28092","Margaret Teele"
"28093","Tereza Thaw"
"28094","Arthur Tovey"
"28095","Larry Tucker"
"28096","Renata Vanni"
"28097","Joey D. Vieira"
"28098","Al Ward"
"28099","Paula Warner"
"28100","Louis Whitehill"
"28101","Pamebla Woolman"
"28102","Michael Sarrazin"
"28103","Barbara Hershey"
"28104","Arthur Hill"
"28105","Ruth White"
"28106","E.G. Marshall"
"28107","Robert Klein"
"28108","Sada Thompson"
"28109","David Doyle"
"28110","Barnard Hughes"
"28111","Peter White"
"28112","Tom Rosqui"
"28113","William Devane"
"28114","Gilbert Lewis"
"28115","Albert Henderson"
"28116","Ralph Waite"
"28117","Joseph Attles"
"28118","Beulah Garrick"
"28119","Jack Somack"
"28120","Maya Kenin"
"28121","Rue McClanahan"
"28122","Ed Kovens"
"28123","Charles Durning"
"28124","Ed Setrakian"
"28125","Ted Beniades"
"28126","Philip Larson"
"28127","Jay Morran"
"28128","Cleavon Little"
"28129","Gene Wilder"
"28130","Slim Pickens"
"28131","Harvey Korman"
"28132","Madeline Kahn"
"28133","Mel Brooks"
"28134","Burton Gilliam"
"28135","Alex Karras"
"28136","David Huddleston"
"28137","Liam Dunn"
"28138","John Hillerman"
"28139","George Furth"
"28140","Jack Starrett"
"28141","Carol Arthur"
"28142","Richard Collier"
"28143","Charles McGregor"
"28144","Robyn Hilton"
"28145","Don Megowan"
"28146","Dom DeLuise"
"28147","Count Basie"
"28148","Karl Lukas"
"28149","Billy Akins"
"28150","John Alderson"
"28151","Don Ames"
"28152","Tom Anfinsen"
"28153","David Armstrong"
"28154","Anne Bancroft"
"28155","Herman Boden"
"28156","Nick Borgani"
"28157","Alex Brown"
"28158","Jerry Brown"
"28159","Eldon Burke"
"28160","David Cadiente"
"28161","Patrick Campbell"
"28162","Bill Catching"
"28163","Ray Chabeau"
"28164","Donald Chaffin"
"28165","Jack Clinton"
"28166","Aneta Corsaut"
"28167","Dick Crockett"
"28168","Alfred DeSio"
"28169","George Dockstader"
"28170","Ross Dollarhyde"
"28171","Hobert Durham Jr."
"28172","Stewart East"
"28173","Kenny Endoso"
"28174","Elly Enriquez"
"28175","Richard Farnsworth"
"28176","Abel Franco"
"28177","Ben Frommer"
"28178","John Furlong"
"28179","Rick Garcia"
"28180","Seamon Glass"
"28181","Cecil Gold"
"28182","Chuck Hayward"
"28183","Robert Hitchcock"
"28184","Kal Isaacs"
"28185","Rosemary Johnston"
"28186","Madge Journeay"
"28187","M.J. Kane"
"28188","Sally Kirkland"
"28189","Patrick Labyorteaux"
"28190","Almeteer LaFrance"
"28191","Richard LaMarr"
"28192","Tex Lambert"
"28193","Jack Lilley"
"28194","Craig Littler"
"28195","Jay Loft-Lyn"
"28196","Bert Madrid"
"28197","Ralph Manza"
"28198","Jimmy Martinez"
"28199","Bert May"
"28200","Fred McDougall"
"28201","Rod McGaughy"
"28202","Bill McIntosh"
"28203","Clyde McLeod"
"28204","Troy Melton"
"28205","Ira Miller"
"28206","Jessamine Milner"
"28207","Richard Monahan"
"28208","Boyd 'Red' Morgan"
"28209","Beans Morocco"
"28210","Hal Needham"
"28211","Daniel Nunez"
"28212","Monty O'Grady"
"28213","Harvey Parry"
"28214","Jack Perkins"
"28215","Alan Peterson"
"28216","Tom Pittman"
"28217","Booty Reed"
"28218","Tony Regan"
"28219","Danny 'Big Black' Rey"
"28220","Robert Ridgely"
"28221","Rodney Allen Rippy"
"28222","Hank Robinson"
"28223","Wally Rose"
"28224","Clark Ross"
"28225","Darrell Sandeen"
"28226","Danny Sands"
"28227","George Sawaya"
"28228","Fred Scheiwiller"
"28229","Marrietta Schmidt"
"28230","David Sharpe"
"28231","Eddie Smith"
"28232","Tom Steele"
"28233","Tim Sullivan"
"28234","Jerry Summers"
"28235","Lisa Summers"
"28236","Jim Taylor"
"28237","George Tracy"
"28238","Jerry Trent"
"28239","Frankie Van"
"28240","Richard Vitagliano"
"28241","Al Ward"
"28242","Janice Whitby"
"28243","Pinocchio Roy Wilson"
"28244","Joe Yrigoyen"
"28245","Bill Zuckert"
"28246","Alan Arkin"
"28247","James Caan"
"28248","Loretta Swit"
"28249","Jack Kruschen"
"28250","Mike Kellin"
"28251","Paul Koslo"
"28252","Linda Marsh"
"28253","John Garwood"
"28254","Alex Rocco"
"28255","Valerie Harper"
"28256","Christopher Morley"
"28257","Bruce Mackey"
"28258","Monty Stickles"
"28259","Charles Bail"
"28260","Eddy Donno"
"28261","Robert Harris"
"28262","Whitey Hughes"
"28263","John Vick"
"28264","Marvin Walters"
"28265","Frank Orsatti"
"28266","Ted Duncan"
"28267","Gary Johnson"
"28268","Sheila Kayne"
"28269","Kathryn Witt"
"28270","George Burrafato"
"28271","Regina Parton"
"28272","Maurice Argent"
"28273","Jerry Walter"
"28274","Tommy J. Huff"
"28275","John Powers"
"28276","Terris Hall"
"28277","Bill Shannon"
"28278","Gary Kent"
"28279","James De Closs"
"28280","Marrietta Schmidt"
"28281","Mike Bast"
"28282","Evel Knievel"
"28283","Sacheen Littlefeather"
"28284","Stacy Keach"
"28285","Jeff Bridges"
"28286","Susan Tyrrell"
"28287","Candy Clark"
"28288","Nicholas Colasanto"
"28289","Art Aragon"
"28290","Curtis Cokes"
"28291","Sixto Rodriguez"
"28292","Billy Walker"
"28293","Wayne Mahan"
"28294","Ruben Navarro"
"28295","Alvaro Lopez"
"28296","Carl D. Parker"
"28297","Al Silvani"
"28298","Peter O'Toole"
"28299","Steve Railsback"
"28300","Barbara Hershey"
"28301","Allen Garfield"
"28302","Alex Rocco"
"28303","Sharon Farrell"
"28304","Adam Roarke"
"28305","Philip Bruns"
"28306","Charles Bail"
"28307","John Garwood"
"28308","Jim Hess"
"28309","John Pearce"
"28310","Michael Railsback"
"28311","George Wallace"
"28312","Dee Carroll"
"28313","Leslie Winograde"
"28314","Don Kennedy"
"28315","Whitey Hughes"
"28316","Walter Robles"
"28317","A.J. Bakunas"
"28318","Roberto Caruso"
"28319","Frank Avila"
"28320","Stafford Morgan"
"28321","John Alderman"
"28322","Jack Palinkas"
"28323","James Garrett"
"28324","Garrett McPherson"
"28325","Nelson Tyler"
"28326","Louis Gartner"
"28327","William Joseph Arno"
"28328","James Avery"
"28329","Frank Beetson"
"28330","Gregg Berger"
"28331","Chance Boyer"
"28332","Deanna Dae Coleman"
"28333","Larry Dunn"
"28334","Don Hayden"
"28335","Patricia McPherson"
"28336","Ross Reynolds"
"28337","Gordon Ross"
"28338","Marion Wayne"
"28339","Leigh Webb"
"28340","Goldie Hawn"
"28341","Edward Albert"
"28342","Eileen Heckart"
"28343","Paul Michael Glaser"
"28344","Michael Warren"
"28345","Charlene Jones"
"28346","Jessica Rains"
"28347","Paul Ryan"
"28348","Debralee Scott"
"28349","Sandra Vacey"
"28350","John Ritter"
"28351","Harvey Korman"
"28352","Fred Willard"
"28353","Chief Dan George"
"28354","Richard Schaal"
"28355","Peter Riegert"
"28356","Nancy Morgan"
"28357","Zane Buzby"
"28358","Meat Loaf"
"28359","Elvis Costello"
"28360","Terence McGovern"
"28361","Tommy Lasorda"
"28362","Howard Hesseman"
"28363","Jay Leno"
"28364","Peter Marshall"
"28365","Nellie Bellflower"
"28366","Jimmy Weldon"
"28367","Robert Beer"
"28368","Allan Arbus"
"28369","David Opatoshu"
"28370","Larry Ahlman"
"28371","Geno Andrews"
"28372","Selma Archerd"
"28373","Stan Barrett"
"28374","Elizabeth Barrington"
"28375","Bobby Baum"
"28376","Sophia Bibbs"
"28377","Eric Boles"
"28378","May Boss"
"28379","Bruce Brann"
"28380","Jimmy Briscoe"
"28381","Jim Burke"
"28382","Tony Cappola"
"28383","Elizabeth Carder"
"28384","George Carlin"
"28385","Carl Carlsson"
"28386","Ruth Carlsson"
"28387","John Carradine"
"28388","David S. Cass Sr."
"28389","Olesley Cole"
"28390","Maurice Cook"
"28391","Regis Cordic"
"28392","John Creamer"
"28393","Frank Delfino"
"28394","Darlene Joy Dirkquist"
"28395","Terry Donohue"
"28396","Frank Fabio"
"28397","Carmen Fanzone"
"28398","Joe Finnegan"
"28399","George Fisher"
"28400","Lenard George"
"28401","Greta Stephanie Gratz"
"28402","Merrill Hardy"
"28403","Karen Hartman"
"28404","Steven Hauptman"
"28405","Chester Hayes"
"28406","Sosimo Hernandez"
"28407","Dede Howard"
"28408","Georgi Irene"
"28409","Jeannine Irene"
"28410","Neal Israel"
"28411","Keenan Jackson"
"28412","Jef Labes"
"28413","Althea Lawton"
"28414","Jerry Layne"
"28415","Gene LeBell"
"28416","Eric Lee"
"28417","Fred Lerner"
"28418","Lori Lieberman"
"28419","Anita Liebert"
"28420","John Lone"
"28421","Christopher Lowry"
"28422","Dom Magwili"
"28423","Jerry Maren"
"28424","Jamie Masada"
"28425","Ronald J. May"
"28426","John Mayhan"
"28427","Mike McCartney"
"28428","Mike H. McGaughy"
"28429","George Memmoli"
"28430","Michael Mislove"
"28431","Linda Montana"
"28432","Harry Monty"
"28433","Rollin Moriyama"
"28434","Art Musto"
"28435","Henry Newmark"
"28436","Johnny Oliver"
"28437","Valerie Danielle Perri"
"28438","Tom Platz"
"28439","David Pomeranz"
"28440","J.A. Preston"
"28441","Ron Prince"
"28442","Damon Bradley Raskin"
"28443","Richard Reicheg"
"28444","Joe Rizkallah"
"28445","Jay Ross"
"28446","Richard Rossington"
"28447","Zelda Rubinstein"
"28448","Teri Schwartz"
"28449","Cybill Shepherd"
"28450","Fred Spencer"
"28451","Janie Squire"
"28452","Doug Steckler"
"28453","Jake Steinfeld"
"28454","Kal Szkalak"
"28455","Kurt Taylor"
"28456","Dennis Tinerino"
"28457","Ben Fong Torres"
"28458","Willie Tyler"
"28459","Skeeter Vaughan"
"28460","Ilona Wilson"
"28461","Cynthia Windham"
"28462","Dick Winslow"
"28463","Gary Wood"
"28464","Smith Wordes"
"28465","Mitsu Yashima"
"28466","Jim Yosenchak"
"28467","Pat Zicari"
"28468","Cynthia Zigeti"
"28469","Eadie Del Rubio"
"28470","Elena Del Rubio"
"28471","Milly Del Rubio"
"28472","Helen Kelly"
"28473","Dorothy Stratten"
"28474","Burl Ives"
"28475","Robert Morley"
"28476","Paul Lynde"
"28477","Jesse Emmett"
"28478","Ronnie Cox"
"28479","Percy Rodrigues"
"28480","Len Maxwell"
"28481","Marie Osmond"
"28482","Jimmy Osmond"
"28483","Don Marshall"
"28484","Frank Welker"
"28485","Nancy Wible"
"28486","Jerry Hausner"
"28487","Gabor Berkes"
"28488","Ferenc Bessenyei"
"28489","Istvan Bujtor"
"28490","Kati Kovacs"
"28491","Erzsebet Kutvolgyi"
"28492","Tamas Major"
"28493","Laszlo Markus"
"28494","Peter Mate"
"28495","Eva Szabo"
"28496","Albert Brooks"
"28497","Kathryn Harrold"
"28498","Tyann Means"
"28499","Bruno Kirby"
"28500","Jane Hallaren"
"28501","Karen Chandler"
"28502","Dennis Kort"
"28503","Bob Einstein"
"28504","Virginia Feingold"
"28505","Thelma Leeds"
"28506","Candy Castillo"
"28507","James L. Brooks"
"28508","George Kennedy"
"28509","Rick Beckner"
"28510","Jerry Belson"
"28511","Harvey Miller"
"28512","Ed. Weinberger"
"28513","Meadowlark Lemon"
"28514","Albert Henderson"
"28515","Clifford Einstein"
"28516","Gene Garvin"
"28517","Hugh Warden"
"28518","Kelly Ann Nakano"
"28519","Joe Bratcher"
"28520","George Sasaki"
"28521","Victor Toyota"
"28522","Roger Ito"
"28523","Paul Bryar"
"28524","Mike Road"
"28525","Dick Van Dyke"
"28526","Michele Lee"
"28527","Mickey Rooney"
"28528","Cornel Wilde"
"28529","Nina Wayne"
"28530","Pert Kelton"
"28531","Steve Allen"
"28532","Barbara Heller"
"28533","Ed Peck"
"28534","Jeannine Riley"
"28535","Gavin MacLeod"
"28536","Jay Novello"
"28537","Craig Huebing"
"28538","Paulene Myers"
"28539","Fritz Feld"
"28540","Jerome Cowan"
"28541","Isabel Sanford"
"28542","Jeff Donnell"
"28543","Carl Reiner"
"28544","Frank Adamo"
"28545","Lillian Adams"
"28546","Priscilla Ann"
"28547","Robert Ball"
"28548","Rex Benson"
"28549","Mel Berger"
"28550","Jack Berle"
"28551","Frank Biro"
"28552","William Boyce"
"28553","Peter Brocco"
"28554","Linda Burton"
"28555","Patrick Campbell"
"28556","Calvin Coolidge"
"28557","Suzanne Covington"
"28558","Billy Curtis"
"28559","Maurice Dallimore"
"28560","Howard Dayton"
"28561","Luis Delgado"
"28562","Peter Paul Eastman"
"28563","Joyce Easton"
"28564","Geoff Edwards"
"28565","Lynn Fields"
"28566","Harry Fleer"
"28567","Paul Frees"
"28568","Sig Frohlich"
"28569","Ben Frommer"
"28570","Dee Gardner"
"28571","Bobby Gilbert"
"28572","Clive Halliday"
"28573","Alvin Hammer"
"28574","Carter Harbaugh"
"28575","Andre Hemmers"
"28576","Brick Huston"
"28577","Scott James"
"28578","Stardedt Kaava"
"28579","Lou Kane"
"28580","Suzie Kaye"
"28581","Kenner G. Kemp"
"28582","Walter Kightly"
"28583","The Great John L."
"28584","Marilyn Malloy"
"28585","Frank Mathias"
"28586","Kres Mersky"
"28587","Celeste Michaels"
"28588","Mantan Moreland"
"28589","Howard Morris"
"28590","Ottola Nesmith"
"28591","William H. O'Brien"
"28592","Angel Pine"
"28593","Ward Ramsey"
"28594","Bob Rhodes"
"28595","Christopher Ross"
"28596","Mark Russell"
"28597","Cosmo Sardo"
"28598","Joe Sawyers"
"28599","Jeffrey Sayre"
"28600","Johnny Silver"
"28601","Ralph Smiley"
"28602","Irene Tedrow"
"28603","Viki Vigen"
"28604","Johnny Weissmuller"
"28605","Jean Willes"
"28606","Dick Winslow"
"28607","Bill Zuckert"
"28608","Charles Bronson"
"28609","James Coburn"
"28610","Jill Ireland"
"28611","Strother Martin"
"28612","Margaret Blye"
"28613","Michael McGuire"
"28614","Felice Orlandi"
"28615","Edward Walsh"
"28616","Bruce Glover"
"28617","Robert Tessier"
"28618","Nick Dimitri"
"28619","Frank McRae"
"28620","Maurice Kowalewski"
"28621","Naomi Stevens"
"28622","Lyla Hay Owen"
"28623","John Creamer"
"28624","Robert Castleberry"
"28625","Becky Allen"
"28626","Joan Kleven"
"28627","Anne Welsch"
"28628","Fred Lerner"
"28629","Jimmy Nickerson"
"28630","Chuck Hicks"
"28631","Walter Scott"
"28632","Max Kleven"
"28633","Valerian Smith"
"28634","Bob Minor"
"28635","Larry Martindale"
"28636","Charles W. Schaefer Jr."
"28637","Leslie Bonano"
"28638","Ronnie Philips"
"28639","Greater Liberty Baptist Church Choir and Congregation"
"28640","Brion James"
"28641","Laura Misch Owens"
"28642","Elliott Gould"
"28643","Candice Bergen"
"28644","Robert F. Lyons"
"28645","Jeff Corey"
"28646","Max Julien"
"28647","Cecil Kellaway"
"28648","Jon Lormer"
"28649","Leonard Stone"
"28650","William Bramley"
"28651","Jeannie Berlin"
"28652","John Rubinstein"
"28653","Richard Anders"
"28654","Brenda Sykes"
"28655","Jenny Sullivan"
"28656","Gregory Sierra"
"28657","Billie Bird"
"28658","Harrison Ford"
"28659","Elizabeth Lane"
"28660","Hilary Thompson"
"28661","Irene Tedrow"
"28662","Joanna Serpe"
"28663","Scott Perry"
"28664","Harry Holcombe"
"28665","Julia Anne Robinson"
"28666","George C. Scott"
"28667","Stacy Keach"
"28668","Jane Alexander"
"28669","Scott Wilson"
"28670","Rosalind Cash"
"28671","Erik Estrada"
"28672","Clifton James"
"28673","Richard E. Kalk"
"28674","James Sikking"
"28675","Beverly Hope Atkinson"
"28676","Mittie Lawrence"
"28677","Isabel Sanford"
"28678","Carol Speed"
"28679","Tracee Lyles"
"28680","Burke Byrnes"
"28681","William Atherton"
"28682","Peter De Anda"
"28683","Ed Lauter"
"28684","Dolph Sweet"
"28685","Stefan Gierasch"
"28686","Debbie Fresh"
"28687","Mike Lane"
"28688","Roger E. Mosley"
"28689","Charles H. Gray"
"28690","Read Morgan"
"28691","Michael DeLano"
"28692","Adriana Shaw"
"28693","Pepe Serna"
"28694","Bea Thompkins"
"28695","Hilly Hicks"
"28696","Otis Day"
"28697","Dick DeCoit"
"28698","Kitten Natividad"
"28699","Anne Ramsey"
"28700","Liza Minnelli"
"28701","Michael York"
"28702","Helmut Griem"
"28703","Joel Grey"
"28704","Fritz Wepper"
"28705","Marisa Berenson"
"28706","Elisabeth Neumann-Viertel"
"28707","Helen Vita"
"28708","Sigrid von Richthofen"
"28709","Gerd Vespermann"
"28710","Ralf Wolter"
"28711","Georg Hartmann"
"28712","Ricky Renee"
"28713","Estrongo Nachama"
"28714","Kathryn Doby"
"28715","Inge Jaeger"
"28716","Angelika Koch"
"28717","Helen Velkovorska"
"28718","Gitta Schmidt"
"28719","Louise Quick"
"28720","Oliver Collignon"
"28721","Pierre Franckh"
"28722","Ellen Umlauf"
"28723","Elliott Gould"
"28724","James Brolin"
"28725","Brenda Vaccaro"
"28726","Sam Waterston"
"28727","O.J. Simpson"
"28728","Hal Holbrook"
"28729","Karen Black"
"28730","Telly Savalas"
"28731","David Huddleston"
"28732","David Doyle"
"28733","Lee Bryant"
"28734","Denise Nicholas"
"28735","Robert Walden"
"28736","James Sikking"
"28737","Alan Fudge"
"28738","James Karen"
"28739","Virginia Kaiser"
"28740","Nancy Malone"
"28741","Hank Stohl"
"28742","Norman Bartold"
"28743","Darrell Zwerling"
"28744","Milton Selzer"
"28745","Lou Frizzell"
"28746","Chris Hyams"
"28747","Seanna Marre"
"28748","Paul Picerni"
"28749","Barbara Bosson"
"28750","Paul Haney"
"28751","Jon Cedar"
"28752","Steve Tannen"
"28753","Trent Dolan"
"28754","Todd Hoffman"
"28755","Marty Anka"
"28756","Kenneth White"
"28757","John Hiscock"
"28758","Bridget Byrne"
"28759","Colin Dangaard"
"28760","James Bacon"
"28761","Sandy Davidson"
"28762","Ron Cummins"
"28763","Dennis O'Flaherty"
"28764","Zack Taylor"
"28765","Frank Farmer"
"28766","Monty Jordan"
"28767","Arthur Tovey"
"28768","Richard Yniguez"
"28769","Danny De La Paz"
"28770","Marta DuBois"
"28771","James Victor"
"28772","Betty Carvalho"
"28773","Carmen Zapata"
"28774","Victor Millan"
"28775","Gary Carlos Cervantes"
"28776","Daniel Zacapa"
"28777","Jerado Carmona"
"28778","Jesse Aragon"
"28779","Robert Covarrubias"
"28780","Eliseo Estrada"
"28781","Mary McFerren"
"28782","Dawson Mays"
"28783","Natasha Ryan"
"28784","Marlina Vega"
"28785","Carmen Filpi"
"28786","Joseph D. Pina"
"28787","Rita Gomez"
"28788","Harry Caesar"
"28789","Billy Cardenas"
"28790","Jerry Velasco"
"28791","Al Stellone"
"28792","Douglas Anderson"
"28793","Christine Avila"
"28794","John Fiedler"
"28795","Los Nobles"
"28796","George Gonzales"
"28797","Genevieve Knox"
"28798","Deborah Jaloma"
"28799","George Chavez"
"28800","Tony Alvarenga"
"28801","Javier Morales"
"28802","Mario Morales"
"28803","John Pereira"
"28804","Bill Quinones"
"28805","Danny Alvarez"
"28806","Michael Luna"
"28807","Danny Estrada"
"28808","Luis Amado Perez"
"28809","Angel Salazar"
"28810","Gilbert Jauregui"
"28811","Michael Bernal"
